Molecule,Density of all electrons_N+1_4(N),Density of Alpha electrons_N+1_4(N),Density of Beta electrons_N+1_4(N),Lagrangian kinetic energy G(r)_N+1_4(N),Hamiltonian kinetic energy K(r)_N+1_4(N),Potential energy density V(r)_N+1_4(N),Energy density E(r) or H(r)_N+1_4(N),Laplacian of electron density_N+1_4(N),Electron localization function (ELF)_N+1_4(N),Localized orbital locator (LOL)_N+1_4(N),Local information entropy_N+1_4(N),Sign(lambda2)*rho_N+1_4(N),Sign(lambda2)*rho with promolecular approximation_N+1_4(N),Average local ionization energy (ALIE)_N+1_4(N),Delta-g (under promolecular approximation)_N+1_4(N),Delta-g (under Hirshfeld partition)_N+1_4(N),ESP from nuclear charges_N+1_4(N),ESP from electrons_N+1_4(N),Total ESP_N+1_4(N)
CHEMBL1743583,0.1955273411E+03,0.9786782584E+02,0.9765951521E+02,0.1857826488E+02,0.3674244739E+06,-0.3674430521E+06,-0.3674244739E+06,-0.1469623582E+07,0.9999990351E+00,0.9990186346E+00,-0.8159187172E+00,-0.1931569138E+03,-0.1931569138E+03,0.1395067917E+02,0.5102046918E-01,0.7276259704E-01,0.1359425114E+07,-0.3779818669E+02,0.1359387316E+07
CHEMBL1743583-conf_1,0.1954794440E+03,0.9774920070E+02,0.9773024332E+02,0.1880101895E+02,0.3673569548E+06,-0.3673757558E+06,-0.3673569548E+06,-0.1469352615E+07,0.9999990109E+00,0.9990064739E+00,-0.8153164003E+00,-0.1931635453E+03,-0.1931635453E+03,0.1398285081E+02,0.4872227899E-01,0.6999270965E-01,0.2441634092E+07,-0.3909642185E+02,0.2441594996E+07
CHEMBL1743583-conf_2,0.1955114644E+03,0.9782170481E+02,0.9768975956E+02,0.1864399335E+02,0.3674034941E+06,-0.3674221381E+06,-0.3674034941E+06,-0.1469539400E+07,0.9999990280E+00,0.9990150325E+00,-0.8157190531E+00,-0.1931593632E+03,-0.1931593632E+03,0.1396629200E+02,0.5034845035E-01,0.7196663581E-01,0.1625907992E+07,-0.3845280442E+02,0.1625869539E+07
CHEMBL1743593,0.1954920657E+03,0.9780148064E+02,0.9769058508E+02,0.1856604787E+02,0.3673594451E+06,-0.3673780112E+06,-0.3673594451E+06,-0.1469363516E+07,0.9999990357E+00,0.9990189842E+00,-0.1278245732E+01,-0.1931573891E+03,-0.1931573891E+03,0.1395374975E+02,0.5106054416E-01,0.7277109987E-01,0.1392580765E+07,-0.3524330400E+02,0.1392545522E+07
CHEMBL1743593-conf_1,0.1955072808E+03,0.9781506866E+02,0.9769221210E+02,0.1855338476E+02,0.3673852502E+06,-0.3674038036E+06,-0.3673852502E+06,-0.1469466787E+07,0.9999990373E+00,0.9990197798E+00,-0.1278495867E+01,-0.1931573950E+03,-0.1931573950E+03,0.1395352978E+02,0.5125200866E-01,0.7300738842E-01,0.1393672329E+07,-0.3520771153E+02,0.1393637121E+07
CHEMBL1743593-conf_10,0.1954530687E+03,0.9773769493E+02,0.9771537373E+02,0.1864308523E+02,0.3672924528E+06,-0.3673110958E+06,-0.3672924528E+06,-0.1469095239E+07,0.9999990271E+00,0.9990145902E+00,-0.1277604674E+01,-0.1931596558E+03,-0.1931596558E+03,0.1397451636E+02,0.5117984627E-01,0.7279520965E-01,0.1650161874E+07,-0.3562419848E+02,0.1650126250E+07
CHEMBL1743593-conf_2,0.1955072289E+03,0.9781502401E+02,0.9769220487E+02,0.1855372171E+02,0.3673855039E+06,-0.3674040576E+06,-0.3673855039E+06,-0.1469467801E+07,0.9999990373E+00,0.9990197615E+00,-0.1278495014E+01,-0.1931573930E+03,-0.1931573930E+03,0.1395343783E+02,0.5125060163E-01,0.7300668825E-01,0.1393214114E+07,-0.3520725143E+02,0.1393178907E+07
CHEMBL1743593-conf_3,0.1955303872E+03,0.9786460209E+02,0.9766578510E+02,0.1854273798E+02,0.3674248211E+06,-0.3674433639E+06,-0.3674248211E+06,-0.1469625114E+07,0.9999990388E+00,0.9990205348E+00,-0.1278875758E+01,-0.1931560767E+03,-0.1931560767E+03,0.1393887278E+02,0.5122337188E-01,0.7309858923E-01,0.1271811975E+07,-0.3490290604E+02,0.1271777072E+07
CHEMBL1743593-conf_4,0.1955161962E+03,0.9784641857E+02,0.9766977765E+02,0.1856076854E+02,0.3674002451E+06,-0.3674188058E+06,-0.3674002451E+06,-0.1469526737E+07,0.9999990367E+00,0.9990194647E+00,-0.1278642442E+01,-0.1931558467E+03,-0.1931558467E+03,0.1393654826E+02,0.5125054602E-01,0.7312436498E-01,0.1260586545E+07,-0.3488235205E+02,0.1260551663E+07
CHEMBL1743593-conf_5,0.1955072430E+03,0.9781503986E+02,0.9769220316E+02,0.1855371155E+02,0.3673855305E+06,-0.3674040842E+06,-0.3673855305E+06,-0.1469467907E+07,0.9999990373E+00,0.9990197622E+00,-0.1278495246E+01,-0.1931573926E+03,-0.1931573926E+03,0.1395343393E+02,0.5125101652E-01,0.7300726094E-01,0.1393163652E+07,-0.3520716123E+02,0.1393128445E+07
CHEMBL1743593-conf_6,0.1954930342E+03,0.9780243070E+02,0.9769060347E+02,0.1856592204E+02,0.3673612919E+06,-0.3673798578E+06,-0.3673612919E+06,-0.1469370904E+07,0.9999990358E+00,0.9990189990E+00,-0.1278261653E+01,-0.1931573765E+03,-0.1931573765E+03,0.1395365240E+02,0.5107141043E-01,0.7278760884E-01,0.1390912645E+07,-0.3525397983E+02,0.1390877391E+07
CHEMBL1743593-conf_7,0.1954507843E+03,0.9773645773E+02,0.9771432653E+02,0.1864531050E+02,0.3672874721E+06,-0.3673061174E+06,-0.3672874721E+06,-0.1469075307E+07,0.9999990268E+00,0.9990144535E+00,-0.1277567124E+01,-0.1931597048E+03,-0.1931597048E+03,0.1397467265E+02,0.5117094430E-01,0.7279127196E-01,0.1656869750E+07,-0.3561158796E+02,0.1656834138E+07
CHEMBL1743593-conf_8,0.1954894477E+03,0.9780093506E+02,0.9768851260E+02,0.1857949738E+02,0.3673547681E+06,-0.3673733476E+06,-0.3673547681E+06,-0.1469344754E+07,0.9999990343E+00,0.9990182524E+00,-0.1278202692E+01,-0.1931576119E+03,-0.1931576119E+03,0.1395457195E+02,0.5126244258E-01,0.7302767469E-01,0.1419484593E+07,-0.3531612395E+02,0.1419449277E+07
CHEMBL1743593-conf_9,0.1955148800E+03,0.9781810400E+02,0.9769677596E+02,0.1853728392E+02,0.3674021672E+06,-0.3674207045E+06,-0.3674021672E+06,-0.1469534520E+07,0.9999990391E+00,0.9990206930E+00,-0.1278620802E+01,-0.1931572375E+03,-0.1931572375E+03,0.1395352146E+02,0.5103740206E-01,0.7271273117E-01,0.1386207460E+07,-0.3514210930E+02,0.1386172318E+07
CHEMBL1743594,0.1954732044E+03,0.9774121789E+02,0.9773198649E+02,0.1880660830E+02,0.3673487568E+06,-0.3673675634E+06,-0.3673487568E+06,-0.1469319801E+07,0.9999990102E+00,0.9990061260E+00,0.1644266974E+00,-0.1931637460E+03,-0.1931637460E+03,0.1397864315E+02,0.4809545528E-01,0.6905540836E-01,0.2651065567E+07,-0.5109028829E+02,0.2651014477E+07
CHEMBL1743594-conf_1,0.1954875296E+03,0.9774821902E+02,0.9773931054E+02,0.1883625891E+02,0.3673877487E+06,-0.3674065849E+06,-0.3673877487E+06,-0.1469475650E+07,0.9999990074E+00,0.9990046821E+00,0.1643788072E+00,-0.1931643076E+03,-0.1931643076E+03,0.1395148219E+02,0.4766186446E-01,0.6884666831E-01,0.2921960947E+07,-0.5311151958E+02,0.2921907835E+07
CHEMBL1743594-conf_10,0.1954732881E+03,0.9774089295E+02,0.9773239512E+02,0.1875394219E+02,0.3673488660E+06,-0.3673676199E+06,-0.3673488660E+06,-0.1469320448E+07,0.9999990158E+00,0.9990089072E+00,0.1644264177E+00,-0.1931632644E+03,-0.1931632644E+03,0.1398605546E+02,0.4910733975E-01,0.7019526453E-01,0.2471526844E+07,-0.5109308975E+02,0.2471475751E+07
CHEMBL1743594-conf_2,0.1954648941E+03,0.9774016029E+02,0.9772473377E+02,0.1877425970E+02,0.3673354613E+06,-0.3673542356E+06,-0.3673354613E+06,-0.1469266748E+07,0.9999990135E+00,0.9990077636E+00,0.1644544775E+00,-0.1931634866E+03,-0.1931634866E+03,0.1397559720E+02,0.4991625325E-01,0.7128645310E-01,0.2483040559E+07,-0.5241365215E+02,0.2482988146E+07
CHEMBL1743594-conf_3,0.1954793007E+03,0.9775009778E+02,0.9772920294E+02,0.1875368592E+02,0.3673604075E+06,-0.3673791611E+06,-0.3673604075E+06,-0.1469366615E+07,0.9999990159E+00,0.9990089715E+00,0.1644063174E+00,-0.1931633760E+03,-0.1931633760E+03,0.1397450524E+02,0.4941930508E-01,0.7067923972E-01,0.2457184985E+07,-0.5144959201E+02,0.2457133535E+07
CHEMBL1743594-conf_4,,,,,,,,,,,,,,,,,,,
CHEMBL1743594-conf_5,0.1954821941E+03,0.9774524029E+02,0.9773695378E+02,0.1882939847E+02,0.3673800517E+06,-0.3673988811E+06,-0.3673800517E+06,-0.1469444889E+07,0.9999990080E+00,0.9990049990E+00,0.1643966447E+00,-0.1931652404E+03,-0.1931652404E+03,0.1396170928E+02,0.4883664280E-01,0.7012198735E-01,0.3219823122E+07,-0.5491615190E+02,0.3219768206E+07
CHEMBL1743594-conf_6,0.1954856366E+03,0.9774655541E+02,0.9773908117E+02,0.1883830326E+02,0.3673795050E+06,-0.3673983433E+06,-0.3673795050E+06,-0.1469442667E+07,0.9999990071E+00,0.9990045581E+00,0.1643851358E+00,-0.1931644538E+03,-0.1931644538E+03,0.1395529820E+02,0.4713815067E-01,0.6823683095E-01,0.3005842936E+07,-0.5356563527E+02,0.3005789370E+07
CHEMBL1743594-conf_7,0.1954996790E+03,0.9785107813E+02,0.9764860086E+02,0.1867721100E+02,0.3673806765E+06,-0.3673993537E+06,-0.3673806765E+06,-0.1469447997E+07,0.9999990244E+00,0.9990131807E+00,0.1643381872E+00,-0.1931582878E+03,-0.1931582878E+03,0.1392658608E+02,0.5032372146E-01,0.7199957957E-01,0.1488930644E+07,-0.5107410566E+02,0.1488879570E+07
CHEMBL1743594-conf_8,0.1955002547E+03,0.9785215363E+02,0.9764810103E+02,0.1868050112E+02,0.3673815758E+06,-0.3674002563E+06,-0.3673815758E+06,-0.1469451581E+07,0.9999990240E+00,0.9990130119E+00,0.1643362624E+00,-0.1931584668E+03,-0.1931584668E+03,0.1392558983E+02,0.5029252720E-01,0.7196872953E-01,0.1508011457E+07,-0.5116475999E+02,0.1507960293E+07
CHEMBL1743594-conf_9,0.1954673266E+03,0.9774069048E+02,0.9772663611E+02,0.1877601786E+02,0.3673428786E+06,-0.3673616546E+06,-0.3673428786E+06,-0.1469296410E+07,0.9999990134E+00,0.9990076914E+00,0.1644463461E+00,-0.1931635890E+03,-0.1931635890E+03,0.1397563858E+02,0.4977989794E-01,0.7109380403E-01,0.2515792211E+07,-0.5290288805E+02,0.2515739308E+07
CHEMBL2068442,0.1955280243E+03,0.9781243696E+02,0.9771558730E+02,0.1867601000E+02,0.3674357112E+06,-0.3674543872E+06,-0.3674357112E+06,-0.1469668141E+07,0.9999990249E+00,0.9990134818E+00,-0.5365128759E+00,-0.1931618492E+03,-0.1931618492E+03,0.1376306735E+02,0.4904867086E-01,0.7031906556E-01,0.2028740443E+07,-0.3945731654E+02,0.2028700986E+07
CHEMBL2068442-conf_1,0.1955280388E+03,0.9781249017E+02,0.9771554861E+02,0.1867544546E+02,0.3674356930E+06,-0.3674543685E+06,-0.3674356930E+06,-0.1469668070E+07,0.9999990249E+00,0.9990135117E+00,-0.5365130232E+00,-0.1931618466E+03,-0.1931618466E+03,0.1376308761E+02,0.4903816935E-01,0.7030427085E-01,0.2029165040E+07,-0.3945654445E+02,0.2029125583E+07
CHEMBL2068442-conf_2,0.1955263048E+03,0.9781020465E+02,0.9771610017E+02,0.1867581514E+02,0.3674319106E+06,-0.3674505865E+06,-0.3674319106E+06,-0.1469652939E+07,0.9999990249E+00,0.9990134776E+00,-0.5364954214E+00,-0.1931618503E+03,-0.1931618503E+03,0.1376457878E+02,0.4917508983E-01,0.7047145507E-01,0.2027363439E+07,-0.3948975311E+02,0.2027323949E+07
CHEMBL2068442-conf_3,0.1955391731E+03,0.9781963037E+02,0.9771954273E+02,0.1864360261E+02,0.3674572266E+06,-0.3674758702E+06,-0.3674572266E+06,-0.1469754332E+07,0.9999990284E+00,0.9990152854E+00,-0.5366260538E+00,-0.1931616890E+03,-0.1931616890E+03,0.1376415154E+02,0.4948902121E-01,0.7082390726E-01,0.1986310141E+07,-0.3944277587E+02,0.1986270698E+07
CHEMBL611190,0.1954614448E+03,0.9774781310E+02,0.9771363168E+02,0.1867937815E+02,0.3673053645E+06,-0.3673240438E+06,-0.3673053645E+06,-0.1469146740E+07,0.9999990234E+00,0.9990127442E+00,-0.8573393571E+00,-0.1931600316E+03,-0.1931600316E+03,0.1383310798E+02,0.5065315064E-01,0.7249898716E-01,0.1654454570E+07,-0.3796022893E+02,0.1654416610E+07
CHEMBL611190-conf_1,0.1954671619E+03,0.9775231315E+02,0.9771484872E+02,0.1866378038E+02,0.3673190487E+06,-0.3673377125E+06,-0.3673190487E+06,-0.1469201540E+07,0.9999990251E+00,0.9990136159E+00,-0.8574132982E+00,-0.1931597358E+03,-0.1931597358E+03,0.1383580152E+02,0.5046885410E-01,0.7221774201E-01,0.1625621161E+07,-0.3783207353E+02,0.1625583329E+07
CHEMBL611190-conf_10,0.1954555666E+03,0.9774101943E+02,0.9771454715E+02,0.1868914188E+02,0.3672955444E+06,-0.3673142335E+06,-0.3672955444E+06,-0.1469107421E+07,0.9999990223E+00,0.9990121792E+00,-0.8572633336E+00,-0.1931599904E+03,-0.1931599904E+03,0.1384185112E+02,0.5048158976E-01,0.7225211039E-01,0.1642811408E+07,-0.3798785716E+02,0.1642773420E+07
CHEMBL611190-conf_2,0.1954592123E+03,0.9775026432E+02,0.9770894794E+02,0.1867932283E+02,0.3673037779E+06,-0.3673224572E+06,-0.3673037779E+06,-0.1469140394E+07,0.9999990234E+00,0.9990127284E+00,-0.8573104834E+00,-0.1931594860E+03,-0.1931594860E+03,0.1384032437E+02,0.5065161522E-01,0.7250691263E-01,0.1569204645E+07,-0.3793860224E+02,0.1569166706E+07
CHEMBL611190-conf_3,0.1954622945E+03,0.9774425371E+02,0.9771804077E+02,0.1868011873E+02,0.3673136432E+06,-0.3673323233E+06,-0.3673136432E+06,-0.1469179852E+07,0.9999990233E+00,0.9990127123E+00,-0.8573503465E+00,-0.1931597983E+03,-0.1931597983E+03,0.1383846158E+02,0.5032113820E-01,0.7196152851E-01,0.1631393392E+07,-0.3811386072E+02,0.1631355278E+07
CHEMBL611190-conf_4,0.1954682277E+03,0.9775578616E+02,0.9771244153E+02,0.1866194004E+02,0.3673248954E+06,-0.3673435573E+06,-0.3673248954E+06,-0.1469224934E+07,0.9999990253E+00,0.9990137220E+00,-0.8574270831E+00,-0.1931593004E+03,-0.1931593004E+03,0.1383503239E+02,0.5010615485E-01,0.7161501975E-01,0.1584298089E+07,-0.3802252193E+02,0.1584260067E+07
CHEMBL611190-conf_5,0.1954651650E+03,0.9774816069E+02,0.9771700426E+02,0.1867938190E+02,0.3673120254E+06,-0.3673307047E+06,-0.3673120254E+06,-0.1469173384E+07,0.9999990235E+00,0.9990127753E+00,-0.8573874713E+00,-0.1931599482E+03,-0.1931599482E+03,0.1383976561E+02,0.5072176012E-01,0.7257332698E-01,0.1619294771E+07,-0.3782366667E+02,0.1619256947E+07
CHEMBL611190-conf_6,0.1954654112E+03,0.9775277658E+02,0.9771263460E+02,0.1866654620E+02,0.3673136812E+06,-0.3673323477E+06,-0.3673136812E+06,-0.1469180059E+07,0.9999990248E+00,0.9990134551E+00,-0.8573906557E+00,-0.1931598047E+03,-0.1931598047E+03,0.1383207309E+02,0.5050535015E-01,0.7224430024E-01,0.1633312547E+07,-0.3794828566E+02,0.1633274599E+07
CHEMBL611190-conf_7,0.1954614447E+03,0.9774781318E+02,0.9771363153E+02,0.1867938005E+02,0.3673053647E+06,-0.3673240441E+06,-0.3673053647E+06,-0.1469146741E+07,0.9999990234E+00,0.9990127441E+00,-0.8573393561E+00,-0.1931600316E+03,-0.1931600316E+03,0.1383310808E+02,0.5065310296E-01,0.7249892086E-01,0.1654456988E+07,-0.3796024749E+02,0.1654419027E+07
CHEMBL611190-conf_8,0.1954607737E+03,0.9774640078E+02,0.9771437296E+02,0.1867584927E+02,0.3673064518E+06,-0.3673251276E+06,-0.3673064518E+06,-0.1469151104E+07,0.9999990238E+00,0.9990129249E+00,-0.8573306784E+00,-0.1931599382E+03,-0.1931599382E+03,0.1383565684E+02,0.5049504682E-01,0.7228448971E-01,0.1644408452E+07,-0.3795781622E+02,0.1644370495E+07
CHEMBL611190-conf_9,0.1954693076E+03,0.9775446853E+02,0.9771483905E+02,0.1866439937E+02,0.3673259515E+06,-0.3673446159E+06,-0.3673259515E+06,-0.1469229148E+07,0.9999990251E+00,0.9990136012E+00,-0.8574410499E+00,-0.1931595152E+03,-0.1931595152E+03,0.1383682928E+02,0.5032633598E-01,0.7191473923E-01,0.1594356875E+07,-0.3799172302E+02,0.1594318883E+07
carboplatin,0.1955590877E+03,0.9786747799E+02,0.9769160971E+02,0.1856592525E+02,0.3674705994E+06,-0.3674891653E+06,-0.3674705994E+06,-0.1469808134E+07,0.9999990368E+00,0.9990195507E+00,-0.9491966593E+00,-0.1931611801E+03,-0.1931611801E+03,0.1374025179E+02,0.5405478807E-01,0.7545181266E-01,0.1899762929E+07,-0.3457232475E+02,0.1899728357E+07
carboplatin-conf_1,0.1955590784E+03,0.9786745409E+02,0.9769162430E+02,0.1856583924E+02,0.3674705829E+06,-0.3674891488E+06,-0.3674705829E+06,-0.1469808068E+07,0.9999990368E+00,0.9990195552E+00,-0.9491965317E+00,-0.1931611782E+03,-0.1931611782E+03,0.1374025307E+02,0.5405597816E-01,0.7545339273E-01,0.1899445832E+07,-0.3457243244E+02,0.1899411259E+07
cisplatin,0.1955696824E+03,0.9786756997E+02,0.9770211244E+02,0.1854180188E+02,0.3674913399E+06,-0.3675098817E+06,-0.3674913399E+06,-0.1469891192E+07,0.9999990395E+00,0.9990209117E+00,-0.2640076335E+01,-0.1931614191E+03,-0.1931614191E+03,0.1373076329E+02,0.5395547658E-01,0.7532183519E-01,0.1955922639E+07,-0.3110840122E+02,0.1955891531E+07
cisplatin-conf_1,0.1955692958E+03,0.9786734394E+02,0.9770195190E+02,0.1854255774E+02,0.3674906879E+06,-0.3675092305E+06,-0.3674906879E+06,-0.1469888581E+07,0.9999990394E+00,0.9990208686E+00,-0.2640065821E+01,-0.1931614317E+03,-0.1931614317E+03,0.1373082566E+02,0.5395055919E-01,0.7531666868E-01,0.1958249716E+07,-0.3110680207E+02,0.1958218609E+07
cisplatin-conf_2,0.1955695496E+03,0.9786740719E+02,0.9770214246E+02,0.1854158539E+02,0.3674910913E+06,-0.3675096329E+06,-0.3674910913E+06,-0.1469890199E+07,0.9999990395E+00,0.9990209220E+00,-0.2640072724E+01,-0.1931614154E+03,-0.1931614154E+03,0.1373073841E+02,0.5395075785E-01,0.7531572544E-01,0.1955763341E+07,-0.3110774131E+02,0.1955732233E+07
imifoplatin,0.1955520444E+03,0.9781331090E+02,0.9773873353E+02,0.1871797208E+02,0.3675074916E+06,-0.3675262096E+06,-0.3675074916E+06,-0.1469955095E+07,0.9999990209E+00,0.9990114696E+00,-0.1534260165E+00,-0.1931626792E+03,-0.1931626792E+03,0.1377277145E+02,0.4910467024E-01,0.7038827201E-01,0.2161741243E+07,-0.4494457375E+02,0.2161696299E+07
imifoplatin-conf_1,0.1955573063E+03,0.9782200900E+02,0.9773529734E+02,0.1871566149E+02,0.3675150446E+06,-0.3675337603E+06,-0.3675150446E+06,-0.1469985316E+07,0.9999990212E+00,0.9990116358E+00,-0.1534609167E+00,-0.1931625941E+03,-0.1931625941E+03,0.1377603949E+02,0.4913040803E-01,0.7044706652E-01,0.2141045747E+07,-0.4428581195E+02,0.2141001461E+07
imifoplatin-conf_2,0.1955573477E+03,0.9782203574E+02,0.9773531198E+02,0.1871558653E+02,0.3675151178E+06,-0.3675338334E+06,-0.3675151178E+06,-0.1469985609E+07,0.9999990212E+00,0.9990116401E+00,-0.1534611912E+00,-0.1931625925E+03,-0.1931625925E+03,0.1377602940E+02,0.4913074205E-01,0.7044744026E-01,0.2140713644E+07,-0.4428584891E+02,0.2140669358E+07
imifoplatin-conf_3,0.1955493352E+03,0.9781233464E+02,0.9773700058E+02,0.1871766925E+02,0.3674994426E+06,-0.3675181602E+06,-0.3674994426E+06,-0.1469922900E+07,0.9999990209E+00,0.9990114627E+00,-0.1534080477E+00,-0.1931625081E+03,-0.1931625081E+03,0.1377098804E+02,0.4921466818E-01,0.7055333564E-01,0.2122287617E+07,-0.4427277604E+02,0.2122243344E+07
iproplatin,0.1956338173E+03,0.9789664500E+02,0.9773717233E+02,0.1868396695E+02,0.3676555641E+06,-0.3676742480E+06,-0.3676555641E+06,-0.1470547520E+07,0.9999990258E+00,0.9990139506E+00,-0.4810209112E+00,-0.1931581698E+03,-0.1931581698E+03,0.1369395108E+02,0.4929179414E-01,0.7095487885E-01,0.1407965714E+07,-0.4251135933E+02,0.1407923203E+07
iproplatin-conf_1,0.1955923602E+03,0.9783028163E+02,0.9776207861E+02,0.1868270201E+02,0.3675713391E+06,-0.3675900218E+06,-0.3675713391E+06,-0.1470210625E+07,0.9999990252E+00,0.9990136690E+00,-0.4806207564E+00,-0.1931603558E+03,-0.1931603558E+03,0.1371067533E+02,0.4912631360E-01,0.7058711199E-01,0.1719538537E+07,-0.4292575207E+02,0.1719495612E+07
iproplatin-conf_10,0.1955715204E+03,0.9780737119E+02,0.9776414922E+02,0.1869292033E+02,0.3675352922E+06,-0.3675539851E+06,-0.3675352922E+06,-0.1470066397E+07,0.9999990238E+00,0.9990129549E+00,-0.4804196287E+00,-0.1931605409E+03,-0.1931605409E+03,0.1371917993E+02,0.5012648684E-01,0.7171615873E-01,0.1731526845E+07,-0.4289598755E+02,0.1731483949E+07
iproplatin-conf_2,0.1956281908E+03,0.9789141386E+02,0.9773677692E+02,0.1869229450E+02,0.3676427593E+06,-0.3676614516E+06,-0.3676427593E+06,-0.1470496268E+07,0.9999990249E+00,0.9990134643E+00,-0.4809665985E+00,-0.1931582998E+03,-0.1931582998E+03,0.1369105309E+02,0.4897690664E-01,0.7048895310E-01,0.1428336270E+07,-0.4268639071E+02,0.1428293584E+07
iproplatin-conf_3,0.1956301880E+03,0.9788944310E+02,0.9774074494E+02,0.1866546495E+02,0.3676470163E+06,-0.3676656817E+06,-0.3676470163E+06,-0.1470513403E+07,0.9999990277E+00,0.9990148956E+00,-0.4809858778E+00,-0.1931582550E+03,-0.1931582550E+03,0.1369712818E+02,0.4979379096E-01,0.7138916592E-01,0.1413378415E+07,-0.4293905945E+02,0.1413335476E+07
iproplatin-conf_4,0.1956357778E+03,0.9789568739E+02,0.9774009040E+02,0.1867583221E+02,0.3676580813E+06,-0.3676767572E+06,-0.3676580813E+06,-0.1470557622E+07,0.9999990267E+00,0.9990143959E+00,-0.4810398355E+00,-0.1931584459E+03,-0.1931584459E+03,0.1369384496E+02,0.4932848485E-01,0.7092960546E-01,0.1443156813E+07,-0.4306227382E+02,0.1443113751E+07
iproplatin-conf_5,0.1956263721E+03,0.9788789848E+02,0.9773847361E+02,0.1868734993E+02,0.3676384596E+06,-0.3676571469E+06,-0.3676384596E+06,-0.1470479089E+07,0.9999990253E+00,0.9990137097E+00,-0.4809490430E+00,-0.1931583910E+03,-0.1931583910E+03,0.1369115114E+02,0.4900174871E-01,0.7050123012E-01,0.1440276821E+07,-0.4263534332E+02,0.1440234186E+07
iproplatin-conf_6,0.1956282507E+03,0.9788741292E+02,0.9774083775E+02,0.1865016954E+02,0.3676449020E+06,-0.3676635522E+06,-0.3676449020E+06,-0.1470505007E+07,0.9999990292E+00,0.9990156858E+00,-0.4809671765E+00,-0.1931576281E+03,-0.1931576281E+03,0.1369633557E+02,0.4963523433E-01,0.7116580150E-01,0.1372264591E+07,-0.4239423659E+02,0.1372222197E+07
iproplatin-conf_7,0.1956446773E+03,0.9790242689E+02,0.9774225046E+02,0.1865283036E+02,0.3676760343E+06,-0.3676946871E+06,-0.3676760343E+06,-0.1470629526E+07,0.9999990292E+00,0.9990156832E+00,-0.4811257453E+00,-0.1931582871E+03,-0.1931582871E+03,0.1369592843E+02,0.5000080145E-01,0.7167908115E-01,0.1413144596E+07,-0.4304056084E+02,0.1413101555E+07
iproplatin-conf_8,0.1956448238E+03,0.9790417432E+02,0.9774064946E+02,0.1861342309E+02,0.3676721256E+06,-0.3676907390E+06,-0.3676721256E+06,-0.1470614049E+07,0.9999990333E+00,0.9990177619E+00,-0.4811271589E+00,-0.1931575520E+03,-0.1931575520E+03,0.1369186715E+02,0.4955377036E-01,0.7095064357E-01,0.1370326109E+07,-0.4284339955E+02,0.1370283265E+07
iproplatin-conf_9,0.1956283516E+03,0.9788677388E+02,0.9774157767E+02,0.1867874194E+02,0.3676408110E+06,-0.3676594898E+06,-0.3676408110E+06,-0.1470488529E+07,0.9999990263E+00,0.9990141801E+00,-0.4809681504E+00,-0.1931584990E+03,-0.1931584990E+03,0.1369010086E+02,0.4924733208E-01,0.7086563729E-01,0.1453420553E+07,-0.4273265613E+02,0.1453377820E+07
lobaplatin,0.1955194711E+03,0.9780126615E+02,0.9771820495E+02,0.1866636366E+02,0.3674232209E+06,-0.3674418872E+06,-0.3674232209E+06,-0.1469618218E+07,0.9999990257E+00,0.9990139190E+00,-0.6302813664E+00,-0.1931610069E+03,-0.1931610069E+03,0.1374287314E+02,0.5024144796E-01,0.7199999525E-01,0.1830175144E+07,-0.3926374543E+02,0.1830135880E+07
lobaplatin-conf_1,0.1955181741E+03,0.9779416591E+02,0.9772400816E+02,0.1865157834E+02,0.3674153386E+06,-0.3674339901E+06,-0.3674153386E+06,-0.1469586748E+07,0.9999990272E+00,0.9990146883E+00,-0.6302671308E+00,-0.1931608680E+03,-0.1931608680E+03,0.1374580630E+02,0.5080781144E-01,0.7275950865E-01,0.1786841666E+07,-0.3921571642E+02,0.1786802451E+07
lobaplatin-conf_2,0.1955241385E+03,0.9780301374E+02,0.9772112475E+02,0.1865770533E+02,0.3674290187E+06,-0.3674476765E+06,-0.3674290187E+06,-0.1469641444E+07,0.9999990267E+00,0.9990144151E+00,-0.6303325941E+00,-0.1931608560E+03,-0.1931608560E+03,0.1374345716E+02,0.5032368382E-01,0.7211685782E-01,0.1795419670E+07,-0.3934788073E+02,0.1795380322E+07
lobaplatin-conf_3,0.1955241713E+03,0.9780303434E+02,0.9772113701E+02,0.1865764274E+02,0.3674290779E+06,-0.3674477355E+06,-0.3674290779E+06,-0.1469641681E+07,0.9999990267E+00,0.9990144187E+00,-0.6303329547E+00,-0.1931608552E+03,-0.1931608552E+03,0.1374345836E+02,0.5032355396E-01,0.7211649555E-01,0.1795331546E+07,-0.3934782066E+02,0.1795292198E+07
lobaplatin-conf_4,0.1955195015E+03,0.9780128404E+02,0.9771821743E+02,0.1866628264E+02,0.3674232745E+06,-0.3674419408E+06,-0.3674232745E+06,-0.1469618433E+07,0.9999990257E+00,0.9990139235E+00,-0.6302816997E+00,-0.1931610060E+03,-0.1931610060E+03,0.1374287008E+02,0.5024080891E-01,0.7199889219E-01,0.1830102605E+07,-0.3926373950E+02,0.1830063341E+07
lobaplatin-conf_5,0.1955138501E+03,0.9779260445E+02,0.9772124565E+02,0.1866380837E+02,0.3674142069E+06,-0.3674328707E+06,-0.3674142069E+06,-0.1469582172E+07,0.9999990259E+00,0.9990140066E+00,-0.6302196733E+00,-0.1931609508E+03,-0.1931609508E+03,0.1374683399E+02,0.5010061622E-01,0.7175162127E-01,0.1831845275E+07,-0.3950200023E+02,0.1831805773E+07
lobaplatin-conf_6,0.1955225714E+03,0.9779681957E+02,0.9772575186E+02,0.1863448856E+02,0.3674241314E+06,-0.3674427659E+06,-0.3674241314E+06,-0.1469621988E+07,0.9999990291E+00,0.9990156271E+00,-0.6303153945E+00,-0.1931606505E+03,-0.1931606505E+03,0.1374880285E+02,0.5055725177E-01,0.7232794992E-01,0.1752927820E+07,-0.3956468667E+02,0.1752888255E+07
lobaplatin-conf_7,0.1955195270E+03,0.9780128885E+02,0.9771823818E+02,0.1866616381E+02,0.3674233196E+06,-0.3674419858E+06,-0.3674233196E+06,-0.1469618614E+07,0.9999990257E+00,0.9990139300E+00,-0.6302819803E+00,-0.1931610042E+03,-0.1931610042E+03,0.1374287019E+02,0.5023941198E-01,0.7199673977E-01,0.1829956731E+07,-0.3926366009E+02,0.1829917468E+07
nedaplatin,0.1955478801E+03,0.9785560719E+02,0.9769227286E+02,0.1854178653E+02,0.3674477986E+06,-0.3674663404E+06,-0.3674477986E+06,-0.1469717027E+07,0.9999990392E+00,0.9990207307E+00,-0.2366890813E+01,-0.1931602088E+03,-0.1931602088E+03,0.1372724425E+02,0.5443161795E-01,0.7594685954E-01,0.1724864142E+07,-0.3100119286E+02,0.1724833141E+07
nedaplatin-conf_1,0.1955481134E+03,0.9785573634E+02,0.9769237704E+02,0.1854097419E+02,0.3674481440E+06,-0.3674666850E+06,-0.3674481440E+06,-0.1469718412E+07,0.9999990392E+00,0.9990207755E+00,-0.2366896667E+01,-0.1931601985E+03,-0.1931601985E+03,0.1372726069E+02,0.5442670658E-01,0.7593825377E-01,0.1723876685E+07,-0.3100190248E+02,0.1723845683E+07
oxaliplatin,0.1955400736E+03,0.9780774578E+02,0.9773232781E+02,0.1870766194E+02,0.3674836432E+06,-0.3675023509E+06,-0.3674836432E+06,-0.1469859742E+07,0.9999990218E+00,0.9990119128E+00,-0.6644948279E+00,-0.1931617895E+03,-0.1931617895E+03,0.1376322630E+02,0.4951781710E-01,0.7090478261E-01,0.1985097906E+07,-0.3948316408E+02,0.1985058423E+07
oxaliplatin-conf_1,0.1955402459E+03,0.9780787217E+02,0.9773237371E+02,0.1870721059E+02,0.3674839532E+06,-0.3675026604E+06,-0.3674839532E+06,-0.1469860984E+07,0.9999990218E+00,0.9990119381E+00,-0.6644967699E+00,-0.1931617839E+03,-0.1931617839E+03,0.1376320740E+02,0.4951727919E-01,0.7090361485E-01,0.1984333424E+07,-0.3948248948E+02,0.1984293941E+07
oxaliplatin-conf_2,0.1955529658E+03,0.9781868762E+02,0.9773427821E+02,0.1868598735E+02,0.3675047334E+06,-0.3675234194E+06,-0.3675047334E+06,-0.1469944190E+07,0.9999990242E+00,0.9990131648E+00,-0.6646401561E+00,-0.1931617495E+03,-0.1931617495E+03,0.1376154222E+02,0.4945241540E-01,0.7083199364E-01,0.1973299287E+07,-0.3949784368E+02,0.1973259789E+07
oxaliplatin-conf_3,0.1955815736E+03,0.9784608179E+02,0.9773549183E+02,0.1864380340E+02,0.3675580310E+06,-0.3675766748E+06,-0.3675580310E+06,-0.1470157549E+07,0.9999990291E+00,0.9990156303E+00,-0.6649626622E+00,-0.1931617693E+03,-0.1931617693E+03,0.1375908341E+02,0.4957412325E-01,0.7087552553E-01,0.2019757477E+07,-0.4020314331E+02,0.2019717274E+07
picoplatin,0.1956256540E+03,0.9783801050E+02,0.9778764347E+02,0.1881761459E+02,0.3677029925E+06,-0.3677218101E+06,-0.3677029925E+06,-0.1470736699E+07,0.9999990117E+00,0.9990068350E+00,-0.9501089383E+00,-0.1931631906E+03,-0.1931631906E+03,0.1368324275E+02,0.5247625447E-01,0.7843452803E-01,0.2013123929E+07,-0.4069249627E+02,0.2013083236E+07
picoplatin-conf_1,0.1956256579E+03,0.9783801373E+02,0.9778764419E+02,0.1881752021E+02,0.3677029957E+06,-0.3677218132E+06,-0.3677029957E+06,-0.1470736713E+07,0.9999990117E+00,0.9990068400E+00,-0.9501089922E+00,-0.1931631893E+03,-0.1931631893E+03,0.1368323721E+02,0.5247414462E-01,0.7843136878E-01,0.2013055525E+07,-0.4069244871E+02,0.2013014833E+07
picoplatin-conf_2,0.1956257581E+03,0.9783805574E+02,0.9778770239E+02,0.1881718385E+02,0.3677031746E+06,-0.3677219918E+06,-0.3677031746E+06,-0.1470737430E+07,0.9999990117E+00,0.9990068586E+00,-0.9501103659E+00,-0.1931631856E+03,-0.1931631856E+03,0.1368323819E+02,0.5247492036E-01,0.7843269166E-01,0.2012373945E+07,-0.4069208322E+02,0.2012333253E+07
satraplatin,0.1956495284E+03,0.9791887305E+02,0.9773065540E+02,0.1868767050E+02,0.3676898836E+06,-0.3677085712E+06,-0.3676898836E+06,-0.1470684784E+07,0.9999990257E+00,0.9990138873E+00,-0.8412703505E-01,-0.1931574278E+03,-0.1931574278E+03,0.1370583912E+02,0.5002139819E-01,0.7186346392E-01,0.1314174525E+07,-0.4789132296E+02,0.1314126633E+07
satraplatin-conf_1,0.1955793346E+03,0.9786197747E+02,0.9771735714E+02,0.1876036827E+02,0.3675645746E+06,-0.3675833349E+06,-0.3675645746E+06,-0.1470183257E+07,0.9999990169E+00,0.9990094632E+00,-0.8370911079E-01,-0.1931601728E+03,-0.1931601728E+03,0.1369365981E+02,0.4866637172E-01,0.6989155757E-01,0.1724780378E+07,-0.4966591175E+02,0.1724730712E+07
satraplatin-conf_10,0.1956456265E+03,0.9792458701E+02,0.9772103951E+02,0.1867038626E+02,0.3676807001E+06,-0.3676993705E+06,-0.3676807001E+06,-0.1470648119E+07,0.9999990275E+00,0.9990147659E+00,-0.8410379989E-01,-0.1931573489E+03,-0.1931573489E+03,0.1370045267E+02,0.5038992245E-01,0.7222933941E-01,0.1319864558E+07,-0.4842254564E+02,0.1319816136E+07
satraplatin-conf_2,,,,,,,,,,,,,,,,,,,
satraplatin-conf_3,0.1955909922E+03,0.9789174307E+02,0.9769924910E+02,0.1877517278E+02,0.3675930832E+06,-0.3676118584E+06,-0.3675930832E+06,-0.1470297232E+07,0.9999990156E+00,0.9990087809E+00,-0.8377850870E-01,-0.1931585416E+03,-0.1931585416E+03,0.1368219767E+02,0.4903585902E-01,0.7040585958E-01,0.1494103160E+07,-0.4898903251E+02,0.1494054171E+07
satraplatin-conf_4,0.1955975349E+03,0.9787080782E+02,0.9772672711E+02,0.1874102314E+02,0.3676009298E+06,-0.3676196709E+06,-0.3676009298E+06,-0.1470328755E+07,0.9999990193E+00,0.9990106369E+00,-0.8381745962E-01,-0.1931596787E+03,-0.1931596787E+03,0.1370216061E+02,0.4889320713E-01,0.7022497197E-01,0.1628027376E+07,-0.4870131241E+02,0.1627978674E+07
satraplatin-conf_5,0.1955975266E+03,0.9787080754E+02,0.9772671907E+02,0.1874103182E+02,0.3676009135E+06,-0.3676196546E+06,-0.3676009135E+06,-0.1470328690E+07,0.9999990193E+00,0.9990106363E+00,-0.8381741007E-01,-0.1931596785E+03,-0.1931596785E+03,0.1370214759E+02,0.4889213442E-01,0.7022353653E-01,0.1628068425E+07,-0.4870119229E+02,0.1628019723E+07
satraplatin-conf_6,,,,,,,,,,,,,,,,,,,
satraplatin-conf_7,0.1956065116E+03,0.9788660855E+02,0.9771990307E+02,0.1875922374E+02,0.3676187159E+06,-0.3676374751E+06,-0.3676187159E+06,-0.1470399827E+07,0.9999990175E+00,0.9990097527E+00,-0.8387090243E-01,-0.1931592919E+03,-0.1931592919E+03,0.1369493174E+02,0.4891812581E-01,0.7033907950E-01,0.1556232063E+07,-0.4859408844E+02,0.1556183469E+07
satraplatin-conf_8,0.1956098857E+03,0.9789197132E+02,0.9771791438E+02,0.1873069253E+02,0.3676245296E+06,-0.3676432603E+06,-0.3676245296E+06,-0.1470423196E+07,0.9999990206E+00,0.9990112858E+00,-0.8389099063E-01,-0.1931585850E+03,-0.1931585850E+03,0.1369303569E+02,0.4895082443E-01,0.7033630448E-01,0.1493060366E+07,-0.4840004498E+02,0.1493011966E+07
satraplatin-conf_9,0.1956465823E+03,0.9792694784E+02,0.9771963447E+02,0.1866602873E+02,0.3676802467E+06,-0.3676989127E+06,-0.3676802467E+06,-0.1470646323E+07,0.9999990279E+00,0.9990150036E+00,-0.8410949132E-01,-0.1931572670E+03,-0.1931572670E+03,0.1369818482E+02,0.5034617967E-01,0.7217860869E-01,0.1315582326E+07,-0.4904005227E+02,0.1315533286E+07
