Molecule,4(N)_q(N)_Hirshfeld,Density of all electrons_N_4(N),Density of Alpha electrons_N_4(N),Density of Beta electrons_N_4(N),Lagrangian kinetic energy G(r)_N_4(N),Hamiltonian kinetic energy K(r)_N_4(N),Potential energy density V(r)_N_4(N),Energy density E(r) or H(r)_N_4(N),Laplacian of electron density_N_4(N),Electron localization function (ELF)_N_4(N),Localized orbital locator (LOL)_N_4(N),Local information entropy_N_4(N),Sign(lambda2)*rho_N_4(N),Sign(lambda2)*rho with promolecular approximation_N_4(N),Average local ionization energy (ALIE)_N_4(N),Delta-g (under promolecular approximation)_N_4(N),Delta-g (under Hirshfeld partition)_N_4(N),ESP from nuclear charges_N_4(N),ESP from electrons_N_4(N),Total ESP_N_4(N),4(N)_q(N)_div_Sum_q(N)_neighbors_Hirshfeld,4(N)_q(N)_res_Sum_q(N)_neighbors_Hirshfeld,4(N)_Sum_q(N)_neighbors_div_q(N)_Hirshfeld,4(N)_Avg_q(N)_neighbors_Hirshfeld,4(N)_Std_q(N)_neighbors_Hirshfeld,4(N)_Abs_Diff_q(N)_Hirshfeld,4(N)_q(N)_x_Avg_q(N)_neighbors_Hirshfeld,4(N)_Num_neighbors_Hirshfeld,4(N)_Entropy_q(N)_neighbors_Hirshfeld,sum_frag_q(N)_Hirshfeld,sum_frag_Density of all electrons_N,sum_frag_Density of Alpha electrons_N,sum_frag_Density of Beta electrons_N,sum_frag_Lagrangian kinetic energy G(r)_N,sum_frag_Hamiltonian kinetic energy K(r)_N,sum_frag_Potential energy density V(r)_N,sum_frag_Energy density E(r) or H(r)_N,sum_frag_Laplacian of electron density_N,sum_frag_Electron localization function (ELF)_N,sum_frag_Localized orbital locator (LOL)_N,sum_frag_Local information entropy_N,sum_frag_Sign(lambda2)*rho_N,sum_frag_Sign(lambda2)*rho with promolecular approximation_N,sum_frag_Average local ionization energy (ALIE)_N,sum_frag_Delta-g (under promolecular approximation)_N,sum_frag_Delta-g (under Hirshfeld partition)_N,sum_frag_ESP from nuclear charges_N,sum_frag_ESP from electrons_N,sum_frag_Total ESP_N,sum_frag_q(N)_div_Sum_q(N)_neighbors_Hirshfeld,sum_frag_q(N)_res_Sum_q(N)_neighbors_Hirshfeld,sum_frag_Sum_q(N)_neighbors_div_q(N)_Hirshfeld,sum_frag_Avg_q(N)_neighbors_Hirshfeld,sum_frag_Std_q(N)_neighbors_Hirshfeld,sum_frag_Abs_Diff_q(N)_Hirshfeld,sum_frag_q(N)_x_Avg_q(N)_neighbors_Hirshfeld,sum_frag_Num_neighbors_Hirshfeld,sum_frag_Entropy_q(N)_neighbors_Hirshfeld,G_div_V_N_4(N),sum_frag_G_div_V_N
CHEMBL1743583,-0.0581537331,195.4930242,97.7465121,97.7465121,18.65565372,367374.1624,-367392.8181,-367374.1624,-1469422.027,0.9999990264,0.9990142621,-0.8363789196,-193.1631705,-193.1631705,14.1682306,0.05021328898,0.07118986788,2554627.907,-38.945343,2554588.962,-0.0629083313799296,-0.9825739462,-15.89614567839326,0.2311050532749999,0.2190728601234348,0.2892587863749999,-0.0134396215862156,4,1.397128370709956,-0.0581537331,195.4930242,97.7465121,97.7465121,18.65565372,367374.1624,-367392.8181,-367374.1624,-1469422.027,0.9999990264,0.9990142621,-0.8363789196,-193.1631705,-193.1631705,14.1682306,0.05021328898,0.07118986788,2554627.907,-38.945343,2554588.962,-0.0629083313799296,-0.9825739462,-15.89614567839326,0.2311050532749999,0.2190728601234348,0.2892587863749999,-0.0134396215862156,4,1.397128370709956,5.07784932119227e-05,5.07784932119227e-05
CHEMBL1743583-conf_1,-0.0559921194,195.4890673,97.74453367,97.74453367,18.74868628,367370.4659,-367389.2146,-367370.4659,-1469406.869,0.9999990166,0.9990093179,-0.8363284586,-193.1646307,-193.1646307,14.15876401,0.04953047658,0.07061876327,3062001.073,-39.10679374,3061961.966,-0.0604454112198642,-0.982317514,-16.543853037290102,0.2315813486499999,0.2192493659019897,0.2875734680499999,-0.0129667305244238,4,1.400103332049691,-0.0559921194,195.4890673,97.74453367,97.74453367,18.74868628,367370.4659,-367389.2146,-367370.4659,-1469406.869,0.9999990166,0.9990093179,-0.8363284586,-193.1646307,-193.1646307,14.15876401,0.04953047658,0.07061876327,3062001.073,-39.10679374,3061961.966,-0.0604454112198642,-0.982317514,-16.543853037290102,0.2315813486499999,0.2192493659019897,0.2875734680499999,-0.0129667305244238,4,1.400103332049691,5.103221742753904e-05,5.103221742753904e-05
CHEMBL1743583-conf_2,-0.0549796067,195.5005793,97.75028965,97.75028965,18.69900722,367391.6926,-367410.3916,-367391.6926,-1469491.974,0.999999022,0.9990120372,-0.8364752701,-193.1640763,-193.1640763,14.16128831,0.04967290119,0.07071340875,2859716.643,-39.12423253,2859677.519,-0.059736501999745,-0.9753483069,-16.74018341422584,0.23009217505,0.2183447068253685,0.28507178175,-0.0126503772889965,4,1.4016747026441436,-0.0549796067,195.5005793,97.75028965,97.75028965,18.69900722,367391.6926,-367410.3916,-367391.6926,-1469491.974,0.999999022,0.9990120372,-0.8364752701,-193.1640763,-193.1640763,14.16128831,0.04967290119,0.07071340875,2859716.643,-39.12423253,2859677.519,-0.059736501999745,-0.9753483069,-16.74018341422584,0.23009217505,0.2183447068253685,0.28507178175,-0.0126503772889965,4,1.4016747026441436,5.089406191961392e-05,5.089406191961392e-05
CHEMBL1743593,-0.0690923499,195.4523521,97.72617604,97.72617604,18.66451771,367292.4252,-367311.0897,-367292.4252,-1469095.043,0.9999990248,0.9990134525,-1.30981698,-193.1623692,-193.1623692,14.15393509,0.05022535816,0.07124598388,2272066.061,-35.92990672,2272030.131,-0.1158462753753228,-0.6655064312,-8.632129058618109,0.149103520325,0.0893024062661779,0.218195870225,-0.0103019125976166,4,1.6956135533858996,-0.0690923499,195.4523521,97.72617604,97.72617604,18.66451771,367292.4252,-367311.0897,-367292.4252,-1469095.043,0.9999990248,0.9990134525,-1.30981698,-193.1623692,-193.1623692,14.15393509,0.05022535816,0.07124598388,2272066.061,-35.92990672,2272030.131,-0.1158462753753228,-0.6655064312,-8.632129058618109,0.149103520325,0.0893024062661779,0.218195870225,-0.0103019125976166,4,1.6956135533858996,5.081392376485059e-05,5.081392376485059e-05
CHEMBL1743593-conf_1,-0.0696636078,195.4586071,97.72930353,97.72930353,18.66246642,367303.1201,-367321.7825,-367303.1201,-1469137.83,0.9999990251,0.9990136133,-1.309921448,-193.1624217,-193.1624217,14.15339616,0.05050843323,0.07161085137,2289797.403,-35.87249973,2289761.531,-0.1172729909626017,-0.6636930363,-8.527112609576903,0.148507357125,0.0886066339458112,0.218170964925,-0.0103455582821705,4,1.70144363750755,-0.0696636078,195.4586071,97.72930353,97.72930353,18.66246642,367303.1201,-367321.7825,-367303.1201,-1469137.83,0.9999990251,0.9990136133,-1.309921448,-193.1624217,-193.1624217,14.15339616,0.05050843323,0.07161085137,2289797.403,-35.87249973,2289761.531,-0.1172729909626017,-0.6636930363,-8.527112609576903,0.148507357125,0.0886066339458112,0.218170964925,-0.0103455582821705,4,1.70144363750755,5.080686011317612e-05,5.080686011317612e-05
CHEMBL1743593-conf_10,-0.0701654586,195.4573317,97.72866583,97.72866583,18.6650235,367304.3146,-367322.9796,-367304.3146,-1469142.598,0.9999990248,0.9990134676,-1.309900147,-193.1622689,-193.1622689,14.15338784,0.05051309858,0.07157970709,2269410.999,-35.95764963,2269375.042,-0.1177992557451205,-0.6658012982,-8.489017979567514,0.1489089599,0.0873946717047937,0.2190744184999999,-0.0104482654610325,4,1.7153051117368756,-0.0701654586,195.4573317,97.72866583,97.72866583,18.6650235,367304.3146,-367322.9796,-367304.3146,-1469142.598,0.9999990248,0.9990134676,-1.309900147,-193.1622689,-193.1622689,14.15338784,0.05051309858,0.07157970709,2269410.999,-35.95764963,2269375.042,-0.1177992557451205,-0.6658012982,-8.489017979567514,0.1489089599,0.0873946717047937,0.2190744184999999,-0.0104482654610325,4,1.7153051117368756,5.081365592842969e-05,5.081365592842969e-05
CHEMBL1743593-conf_2,-0.0698150549,195.4590399,97.72951994,97.72951994,18.66070929,367304.0775,-367322.7382,-367304.0775,-1469141.667,0.9999990253,0.9990137098,-1.309928677,-193.1624059,-193.1624059,14.15320896,0.05049717282,0.07159724775,2286905.852,-35.86909727,2286869.983,-0.117675192249918,-0.6631011466000001,-8.497967845900812,0.148321522925,0.0883315839313863,0.218136577825,-0.0103550752658604,4,1.7029881319621798,-0.0698150549,195.4590399,97.72951994,97.72951994,18.66070929,367304.0775,-367322.7382,-367304.0775,-1469141.667,0.9999990253,0.9990137098,-1.309928677,-193.1624059,-193.1624059,14.15320896,0.05049717282,0.07159724775,2286905.852,-35.86909727,2286869.983,-0.117675192249918,-0.6631011466000001,-8.497967845900812,0.148321522925,0.0883315839313863,0.218136577825,-0.0103550752658604,4,1.7029881319621798,5.080194431045434e-05,5.080194431045434e-05
CHEMBL1743593-conf_3,-0.0691969984,195.4562344,97.72811722,97.72811722,18.66583254,367298.5737,-367317.2395,-367298.5737,-1469119.631,0.9999990247,0.9990134157,-1.309881822,-193.162512,-193.162512,14.15365839,0.05048322933,0.07157590359,2313095.697,-35.90401446,2313059.793,-0.1164216815463621,-0.6635622187,-8.589465353167688,0.148591305075,0.088388887408225,0.217788303475,-0.0102820722995286,4,1.7030890910805128,-0.0691969984,195.4562344,97.72811722,97.72811722,18.66583254,367298.5737,-367317.2395,-367298.5737,-1469119.631,0.9999990247,0.9990134157,-1.309881822,-193.162512,-193.162512,14.15365839,0.05048322933,0.07157590359,2313095.697,-35.90401446,2313059.793,-0.1164216815463621,-0.6635622187,-8.589465353167688,0.148591305075,0.088388887408225,0.217788303475,-0.0102820722995286,4,1.7030890910805128,5.081665256280464e-05,5.081665256280464e-05
CHEMBL1743593-conf_4,-0.0693681798,195.4602697,97.73013485,97.73013485,18.66365558,367309.16,-367327.8237,-367309.16,-1469161.986,0.999999025,0.9990135645,-1.309949218,-193.1622345,-193.1622345,14.1530432,0.05055606165,0.07164436692,2254905.045,-35.95980581,2254869.085,-0.1165984642049404,-0.664300371,-8.576442295520632,0.1487330478,0.0874156662332465,0.2181012276,-0.0103173408019923,4,1.7148701038417988,-0.0693681798,195.4602697,97.73013485,97.73013485,18.66365558,367309.16,-367327.8237,-367309.16,-1469161.986,0.999999025,0.9990135645,-1.309949218,-193.1622345,-193.1622345,14.1530432,0.05055606165,0.07164436692,2254905.045,-35.95980581,2254869.085,-0.1165984642049404,-0.664300371,-8.576442295520632,0.1487330478,0.0874156662332465,0.2181012276,-0.0103173408019923,4,1.7148701038417988,5.080926185227607e-05,5.080926185227607e-05
CHEMBL1743593-conf_5,-0.0698113739,195.4590103,97.72950513,97.72950513,18.66076605,367304.0226,-367322.6834,-367304.0226,-1469141.447,0.9999990253,0.9990137065,-1.309928183,-193.1624076,-193.1624076,14.15321002,0.05049686916,0.07159699506,2287271.436,-35.86897674,2287235.567,-0.1176703819118829,-0.6630904367,-8.498315240863638,0.1483197657,0.0883302214771426,0.2181311396,-0.010354406620043,4,1.7029840799920422,-0.0698113739,195.4590103,97.72950513,97.72950513,18.66076605,367304.0226,-367322.6834,-367304.0226,-1469141.447,0.9999990253,0.9990137065,-1.309928183,-193.1624076,-193.1624076,14.15321002,0.05049686916,0.07159699506,2287271.436,-35.86897674,2287235.567,-0.1176703819118829,-0.6630904367,-8.498315240863638,0.1483197657,0.0883302214771426,0.2181311396,-0.010354406620043,4,1.7029840799920422,5.080210641301223e-05,5.080210641301223e-05
CHEMBL1743593-conf_6,-0.0688894883,195.4527748,97.72638742,97.72638742,18.66524214,367293.2749,-367311.9402,-367293.2749,-1469098.439,0.9999990247,0.9990134178,-1.309824041,-193.1623677,-193.1623677,14.15387632,0.05025640713,0.07128860145,2269750.821,-35.93807818,2269714.883,-0.1155287312749548,-0.6651869421,-8.655855465252454,0.14907436345,0.0893659820110922,0.21796385175,-0.0102696566167187,4,1.6947581302179824,-0.0688894883,195.4527748,97.72638742,97.72638742,18.66524214,367293.2749,-367311.9402,-367293.2749,-1469098.439,0.9999990247,0.9990134178,-1.309824041,-193.1623677,-193.1623677,14.15387632,0.05025640713,0.07128860145,2269750.821,-35.93807818,2269714.883,-0.1155287312749548,-0.6651869421,-8.655855465252454,0.14907436345,0.0893659820110922,0.21796385175,-0.0102696566167187,4,1.6947581302179824,5.0815778354052e-05,5.0815778354052e-05
CHEMBL1743593-conf_7,-0.0701648484,195.4558448,97.72792238,97.72792238,18.66663099,367300.9397,-367319.6064,-367300.9397,-1469129.092,0.9999990246,0.9990133702,-1.309875313,-193.1622956,-193.1622956,14.15350783,0.05053225337,0.07160907894,2274381.863,-35.95279303,2274345.91,-0.117687988329753,-0.6663586435000001,-8.49704387161478,0.149048448775,0.0876231206300744,0.219213297175,-0.010457961812553,4,1.7136150567630166,-0.0701648484,195.4558448,97.72792238,97.72792238,18.66663099,367300.9397,-367319.6064,-367300.9397,-1469129.092,0.9999990246,0.9990133702,-1.309875313,-193.1622956,-193.1622956,14.15350783,0.05053225337,0.07160907894,2274381.863,-35.95279303,2274345.91,-0.117687988329753,-0.6663586435000001,-8.49704387161478,0.149048448775,0.0876231206300744,0.219213297175,-0.010457961812553,4,1.7136150567630166,5.081849883524214e-05,5.081849883524214e-05
CHEMBL1743593-conf_8,-0.0685533933,195.4578046,97.7289023,97.7289023,18.66762903,367304.1192,-367322.7868,-367304.1192,-1469141.806,0.9999990246,0.999013334,-1.309908046,-193.1623377,-193.1623377,14.15372502,0.05056417726,0.07165658081,2278199.966,-35.99459925,2278163.971,-0.1149856706423406,-0.6647441439999999,-8.696735814243056,0.149047687675,0.0875851951511356,0.217601080975,-0.0102177247536398,4,1.7145993755425952,-0.0685533933,195.4578046,97.7289023,97.7289023,18.66762903,367304.1192,-367322.7868,-367304.1192,-1469141.806,0.9999990246,0.999013334,-1.309908046,-193.1623377,-193.1623377,14.15372502,0.05056417726,0.07165658081,2278199.966,-35.99459925,2278163.971,-0.1149856706423406,-0.6647441439999999,-8.696735814243056,0.149047687675,0.0875851951511356,0.217601080975,-0.0102177247536398,4,1.7145993755425952,5.08207758974783e-05,5.08207758974783e-05
CHEMBL1743593-conf_9,-0.0707840067,195.4644096,97.73220479,97.73220479,18.64908909,367318.4044,-367337.0535,-367318.4044,-1469199.021,0.9999990266,0.9990143684,-1.310018362,-193.1623251,-193.1623251,14.15370412,0.05026843563,0.07129342872,2283868.429,-35.84179813,2283832.587,-0.1183100792786299,-0.6690762834999999,-8.452365226169091,0.1495730692,0.0877320573661962,0.2203570759,-0.0105873811323923,4,1.71360783314902,-0.0707840067,195.4644096,97.73220479,97.73220479,18.64908909,367318.4044,-367337.0535,-367318.4044,-1469199.021,0.9999990266,0.9990143684,-1.310018362,-193.1623251,-193.1623251,14.15370412,0.05026843563,0.07129342872,2283868.429,-35.84179813,2283832.587,-0.1183100792786299,-0.6690762834999999,-8.452365226169091,0.1495730692,0.0877320573661962,0.2203570759,-0.0105873811323923,4,1.71360783314902,5.076833091655428e-05,5.076833091655428e-05
CHEMBL1743594,-0.0560220204,195.4863779,97.74318895,97.74318895,18.72467354,367366.661,-367385.3857,-367366.661,-1469391.745,0.9999990191,0.9990105628,0.1616294308,-193.1643582,-193.1643582,14.1469102,0.04992499474,0.07099455225,2951774.201,-50.66398254,2951723.537,-0.0607568453128044,-0.9780912969,-16.459050743196688,0.230517319125,0.2270151314679355,0.286539339525,-0.012914045954574,4,1.3471359969662149,-0.0560220204,195.4863779,97.74318895,97.74318895,18.72467354,367366.661,-367385.3857,-367366.661,-1469391.745,0.9999990191,0.9990105628,0.1616294308,-193.1643582,-193.1643582,14.1469102,0.04992499474,0.07099455225,2951774.201,-50.66398254,2951723.537,-0.0607568453128044,-0.9780912969,-16.459050743196688,0.230517319125,0.2270151314679355,0.286539339525,-0.012914045954574,4,1.3471359969662149,5.096738811295618e-05,5.096738811295618e-05
CHEMBL1743594-conf_1,-0.076858007,195.5067747,97.75338737,97.75338737,18.80884416,367422.6027,-367441.4116,-367422.6027,-1469615.176,0.9999990106,0.9990062921,0.1615605896,-193.1660993,-193.1660993,14.09718941,0.04863510921,0.06985467466,4105207.086,-53.42182862,4105153.664,-0.0906083680563305,-0.925102034,-11.036508232642566,0.21206100675,0.2362379050249193,0.28891901375,-0.0162985863412185,4,1.2013236186161254,-0.076858007,195.5067747,97.75338737,97.75338737,18.80884416,367422.6027,-367441.4116,-367422.6027,-1469615.176,0.9999990106,0.9990062921,0.1615605896,-193.1660993,-193.1660993,14.09718941,0.04863510921,0.06985467466,4105207.086,-53.42182862,4105153.664,-0.0906083680563305,-0.925102034,-11.036508232642566,0.21206100675,0.2362379050249193,0.28891901375,-0.0162985863412185,4,1.2013236186161254,5.118868904323576e-05,5.118868904323576e-05
CHEMBL1743594-conf_10,-0.063530375,195.4917614,97.74588072,97.74588072,18.72603339,367385.4026,-367404.1286,-367385.4026,-1469466.706,0.999999019,0.9990105364,0.1616112617,-193.1640238,-193.1640238,14.11946478,0.04992942173,0.07106196263,2801998.649,-51.31949378,2801947.329,-0.0697088182664496,-0.9748982131,-14.345387353687114,0.227841959525,0.2298905010177015,0.291372334525,-0.014474885129358,4,1.3259122710805422,-0.063530375,195.4917614,97.74588072,97.74588072,18.72603339,367385.4026,-367404.1286,-367385.4026,-1469466.706,0.999999019,0.9990105364,0.1616112617,-193.1640238,-193.1640238,14.11946478,0.04992942173,0.07106196263,2801998.649,-51.31949378,2801947.329,-0.0697088182664496,-0.9748982131,-14.345387353687114,0.227841959525,0.2298905010177015,0.291372334525,-0.014474885129358,4,1.3259122710805422,5.096848928006304e-05,5.096848928006304e-05
CHEMBL1743594-conf_2,-0.0640624796,195.4891867,97.74459333,97.74459333,18.76436344,367385.2364,-367404.0008,-367385.2364,-1469465.888,0.999999015,0.9990084913,0.1616199516,-193.165311,-193.165311,14.11127937,0.04907425865,0.0700698401,3553296.698,-52.95121208,3553243.746,-0.0720517014935349,-0.953180686,-13.878922763395504,0.2222795515999999,0.2326492724913749,0.2863420312,-0.0142397792398721,4,1.282164610324092,-0.0640624796,195.4891867,97.74459333,97.74459333,18.76436344,367385.2364,-367404.0008,-367385.2364,-1469465.888,0.999999015,0.9990084913,0.1616199516,-193.165311,-193.165311,14.11127937,0.04907425865,0.0700698401,3553296.698,-52.95121208,3553243.746,-0.0720517014935349,-0.953180686,-13.878922763395504,0.2222795515999999,0.2326492724913749,0.2863420312,-0.0142397792398721,4,1.282164610324092,5.107283371749282e-05,5.107283371749282e-05
CHEMBL1743594-conf_3,-0.0584692258,195.484967,97.74248348,97.74248348,18.72450273,367368.996,-367387.7205,-367368.996,-1469401.086,0.9999990191,0.9990105599,0.1616341926,-193.1645662,-193.1645662,14.12031514,0.04997301718,0.07106439445,3058290.741,-52.0228243,3058238.718,-0.0635348006921901,-0.9787400878,-15.73940563447652,0.2300677155,0.2297055519633704,0.2885369413,-0.0134518812068596,4,1.3405005152321223,-0.0584692258,195.484967,97.74248348,97.74248348,18.72450273,367368.996,-367387.7205,-367368.996,-1469401.086,0.9999990191,0.9990105599,0.1616341926,-193.1645662,-193.1645662,14.12031514,0.04997301718,0.07106439445,3058290.741,-52.0228243,3058238.718,-0.0635348006921901,-0.9787400878,-15.73940563447652,0.2300677155,0.2297055519633704,0.2885369413,-0.0134518812068596,4,1.3405005152321223,5.096659927696196e-05,5.096659927696196e-05
CHEMBL1743594-conf_4,-0.0747099186,195.5053575,97.75267875,97.75267875,18.81690249,367417.8912,-367436.7081,-367417.8912,-1469596.297,0.9999990097,0.9990058548,0.1615653732,-193.1662568,-193.1662568,14.09883622,0.04840909692,0.06955850566,4221446.426,-53.34352994,4221393.082,-0.0877288414062483,-0.9263103433,-11.398759905756345,0.212900106175,0.2369274004260894,0.287610024775,-0.0159057496022656,4,1.2009748157024265,-0.0747099186,195.5053575,97.75267875,97.75267875,18.81690249,367417.8912,-367436.7081,-367417.8912,-1469596.297,0.9999990097,0.9990058548,0.1615653732,-193.1662568,-193.1662568,14.09883622,0.04840909692,0.06955850566,4221446.426,-53.34352994,4221393.082,-0.0877288414062483,-0.9263103433,-11.398759905756345,0.212900106175,0.2369274004260894,0.287610024775,-0.0159057496022656,4,1.2009748157024265,5.121127550728784e-05,5.121127550728784e-05
CHEMBL1743594-conf_5,-0.0654722344,195.5121552,97.75607762,97.75607762,18.80992408,367436.385,-367455.195,-367436.385,-1469670.3,0.9999990106,0.9990062807,0.1615424285,-193.1672079,-193.1672079,14.09803915,0.04906491391,0.07038704927,5212616.324,-54.99987934,5212561.324,-0.0773685620185987,-0.9117104569,-12.925146518292648,0.211559555625,0.236328434379305,0.277031790025,-0.0138512768154398,4,1.1998848876674832,-0.0654722344,195.5121552,97.75607762,97.75607762,18.80992408,367436.385,-367455.195,-367436.385,-1469670.3,0.9999990106,0.9990062807,0.1615424285,-193.1672079,-193.1672079,14.09803915,0.04906491391,0.07038704927,5212616.324,-54.99987934,5212561.324,-0.0773685620185987,-0.9117104569,-12.925146518292648,0.211559555625,0.236328434379305,0.277031790025,-0.0138512768154398,4,1.1998848876674832,5.118970784995977e-05,5.118970784995977e-05
CHEMBL1743594-conf_6,-0.0742800613,195.5051302,97.75256512,97.75256512,18.81174091,367417.2627,-367436.0744,-367417.2627,-1469593.804,0.9999990102,0.9990061253,0.1615661403,-193.1662031,-193.1662031,14.09929153,0.04859407791,0.06976383917,4171851.274,-53.18478775,4171798.089,-0.087195089003283,-0.9261636037,-11.468535802083403,0.2129708856,0.2359501498458051,0.2872509468999999,-0.0158194904374832,4,1.207792008091399,-0.0742800613,195.5051302,97.75256512,97.75256512,18.81174091,367417.2627,-367436.0744,-367417.2627,-1469593.804,0.9999990102,0.9990061253,0.1615661403,-193.1662031,-193.1662031,14.09929153,0.04859407791,0.06976383917,4171851.274,-53.18478775,4171798.089,-0.087195089003283,-0.9261636037,-11.468535802083403,0.2129708856,0.2359501498458051,0.2872509468999999,-0.0158194904374832,4,1.207792008091399,5.119731626982569e-05,5.119731626982569e-05
CHEMBL1743594-conf_7,-0.0553485646,195.4909143,97.74545714,97.74545714,18.72434786,367381.2524,-367399.9767,-367381.2524,-1469450.112,0.9999990192,0.9990106182,0.1616141209,-193.164673,-193.164673,14.11791774,0.04955569177,0.07052230583,3139960.226,-52.7642454,3139907.461,-0.0604553274180394,-0.9708768888,-16.54113942821202,0.22888208105,0.2313321120755137,0.28423064565,-0.0126682946487783,4,1.3230757341021429,-0.0553485646,195.4909143,97.74545714,97.74545714,18.72434786,367381.2524,-367399.9767,-367381.2524,-1469450.112,0.9999990192,0.9990106182,0.1616141209,-193.164673,-193.164673,14.11791774,0.04955569177,0.07052230583,3139960.226,-52.7642454,3139907.461,-0.0604553274180394,-0.9708768888,-16.54113942821202,0.22888208105,0.2313321120755137,0.28423064565,-0.0126682946487783,4,1.3230757341021429,5.096447753803029e-05,5.096447753803029e-05
CHEMBL1743594-conf_8,-0.0554749793,195.492102,97.74605099,97.74605099,18.72393408,367383.16,-367401.8839,-367383.16,-1469457.744,0.9999990192,0.99901065,0.1616101125,-193.1647936,-193.1647936,14.11703096,0.04953043223,0.07049065813,3210014.204,-52.85482354,3209961.35,-0.0608726855621739,-0.966802922,-16.42772929705266,0.227831985675,0.2310948566571561,0.2833069649749999,-0.0126389746891985,4,1.3175489057940852,-0.0554749793,195.492102,97.74605099,97.74605099,18.72393408,367383.16,-367401.8839,-367383.16,-1469457.744,0.9999990192,0.99901065,0.1616101125,-193.1647936,-193.1647936,14.11703096,0.04953043223,0.07049065813,3210014.204,-52.85482354,3209961.35,-0.0608726855621739,-0.966802922,-16.42772929705266,0.227831985675,0.2310948566571561,0.2833069649749999,-0.0126389746891985,4,1.3175489057940852,5.096308674643679e-05,5.096308674643679e-05
CHEMBL1743594-conf_9,-0.0655876741,195.488225,97.74411252,97.74411252,18.75592435,367383.6322,-367402.3882,-367383.6322,-1469459.505,0.9999990158,0.9990089287,0.1616231969,-193.1650782,-193.1650782,14.11342661,0.04951486817,0.07058445309,3384899.141,-53.07901063,3384846.062,-0.074243263653227,-0.9490035003,-13.469235467217151,0.2208539565499999,0.2326492377036587,0.28644163065,-0.0144852973258969,4,1.2676422865672263,-0.0655876741,195.488225,97.74411252,97.74411252,18.75592435,367383.6322,-367402.3882,-367383.6322,-1469459.505,0.9999990158,0.9990089287,0.1616231969,-193.1650782,-193.1650782,14.11342661,0.04951486817,0.07058445309,3384899.141,-53.07901063,3384846.062,-0.074243263653227,-0.9490035003,-13.469235467217151,0.2208539565499999,0.2326492377036587,0.28644163065,-0.0144852973258969,4,1.2676422865672263,5.105008827484808e-05,5.105008827484808e-05
CHEMBL2068442,-0.0816771349,195.4583808,97.72919042,97.72919042,18.7395475,367310.1004,-367328.84,-367310.1004,-1469165.443,0.999999017,0.9990095414,-0.5506495384,-193.1611523,-193.1611523,13.89496242,0.05003643231,0.0715407417,1825313.42,-39.26596206,1825274.154,-0.1645426115468777,-0.5780660893,-6.077453071875565,0.1240972386,0.0761202586968081,0.2057743735,-0.0101359068978496,4,1.6469001951230322,-0.0816771349,195.4583808,97.72919042,97.72919042,18.7395475,367310.1004,-367328.84,-367310.1004,-1469165.443,0.999999017,0.9990095414,-0.5506495384,-193.1611523,-193.1611523,13.89496242,0.05003643231,0.0715407417,1825313.42,-39.26596206,1825274.154,-0.1645426115468777,-0.5780660893,-6.077453071875565,0.1240972386,0.0761202586968081,0.2057743735,-0.0101359068978496,4,1.6469001951230322,5.101572612703103e-05,5.101572612703103e-05
CHEMBL2068442-conf_1,-0.0816725794,195.458392,97.72919602,97.72919602,18.73955392,367310.1244,-367328.864,-367310.1244,-1469165.539,0.999999017,0.9990095412,-0.5506496535,-193.1611522,-193.1611522,13.89496868,0.05003632585,0.07154053875,1825285.732,-39.26610522,1825246.466,-0.1645287528830378,-0.5780756577,-6.0779649907812265,0.124100769575,0.0761258262380779,0.205773348975,-0.0101356299567152,4,1.6468734306831707,-0.0816725794,195.458392,97.72919602,97.72919602,18.73955392,367310.1244,-367328.864,-367310.1244,-1469165.539,0.999999017,0.9990095412,-0.5506496535,-193.1611522,-193.1611522,13.89496868,0.05003632585,0.07154053875,1825285.732,-39.26610522,1825246.466,-0.1645287528830378,-0.5780756577,-6.0779649907812265,0.124100769575,0.0761258262380779,0.205773348975,-0.0101356299567152,4,1.6468734306831707,5.1015740271366205e-05,5.1015740271366205e-05
CHEMBL2068442-conf_2,-0.0813732108,195.4577462,97.72887312,97.72887312,18.74228711,367308.6358,-367327.3781,-367308.6358,-1469159.574,0.9999990167,0.9990093914,-0.5506430148,-193.1611601,-193.1611601,13.89559986,0.05008152637,0.0716056148,1824049.177,-39.30095467,1824009.876,-0.1628312316282349,-0.5811127877,-6.141327987269245,0.124934894225,0.0771310609696484,0.206308105025,-0.0101663534840466,4,1.6415104941162402,-0.0813732108,195.4577462,97.72887312,97.72887312,18.74228711,367308.6358,-367327.3781,-367308.6358,-1469159.574,0.9999990167,0.9990093914,-0.5506430148,-193.1611601,-193.1611601,13.89559986,0.05008152637,0.0716056148,1824049.177,-39.30095467,1824009.876,-0.1628312316282349,-0.5811127877,-6.141327987269245,0.124934894225,0.0771310609696484,0.206308105025,-0.0101663534840466,4,1.6415104941162402,5.102338738523776e-05,5.102338738523776e-05
CHEMBL2068442-conf_3,-0.0799567838,195.4528986,97.7264493,97.7264493,18.74173725,367300.4805,-367319.2223,-367300.4805,-1469126.955,0.9999990167,0.9990093795,-0.5505931821,-193.1609704,-193.1609704,13.89761501,0.04996834456,0.07145486077,1787424.699,-39.2696464,1787385.43,-0.1585142648877798,-0.5843705907,-6.308580497206041,0.1261034517249999,0.0781560989102723,0.2060602355249999,-0.0100828264260095,4,1.629413455047935,-0.0799567838,195.4528986,97.7264493,97.7264493,18.74173725,367300.4805,-367319.2223,-367300.4805,-1469126.955,0.9999990167,0.9990093795,-0.5505931821,-193.1609704,-193.1609704,13.89761501,0.04996834456,0.07145486077,1787424.699,-39.2696464,1787385.43,-0.1585142648877798,-0.5843705907,-6.308580497206041,0.1261034517249999,0.0781560989102723,0.2060602355249999,-0.0100828264260095,4,1.629413455047935,5.1023023332803127e-05,5.1023023332803127e-05
CHEMBL611190,-0.0754089491,195.465062,97.73253102,97.73253102,18.71008862,367314.4903,-367333.2004,-367314.4903,-1469183.121,0.9999990202,0.9990111532,-0.8792413829,-193.1625774,-193.1625774,14.00120974,0.05034454583,0.0717203079,2224267.604,-38.54016422,2224229.064,-0.1558404279564348,-0.559294614,-6.416820160937636,0.120971416225,0.0704594668330967,0.196380365325,-0.0091223273686659,4,1.690435563032957,-0.0754089491,195.465062,97.73253102,97.73253102,18.71008862,367314.4903,-367333.2004,-367314.4903,-1469183.121,0.9999990202,0.9990111532,-0.8792413829,-193.1625774,-193.1625774,14.00120974,0.05034454583,0.0717203079,2224267.604,-38.54016422,2224229.064,-0.1558404279564348,-0.559294614,-6.416820160937636,0.120971416225,0.0704594668330967,0.196380365325,-0.0091223273686659,4,1.690435563032957,5.0934923931803695e-05,5.0934923931803695e-05
CHEMBL611190-conf_1,-0.0750500369,195.4665125,97.73325627,97.73325627,18.70087868,367320.4106,-367339.1115,-367320.4106,-1469206.839,0.9999990212,0.9990116517,-0.8792604117,-193.1622915,-193.1622915,14.00692581,0.05026915079,0.07159821038,2161100.457,-38.35889153,2161062.098,-0.1502668316951929,-0.5744951643,-6.654828538798493,0.1248612818499999,0.0718005633754869,0.19991131875,-0.0093708438102238,4,1.6987025371425428,-0.0750500369,195.4665125,97.73325627,97.73325627,18.70087868,367320.4106,-367339.1115,-367320.4106,-1469206.839,0.9999990212,0.9990116517,-0.8792604117,-193.1622915,-193.1622915,14.00692581,0.05026915079,0.07159821038,2161100.457,-38.35889153,2161062.098,-0.1502668316951929,-0.5744951643,-6.654828538798493,0.1248612818499999,0.0718005633754869,0.19991131875,-0.0093708438102238,4,1.6987025371425428,5.09090322662252e-05,5.09090322662252e-05
CHEMBL611190-conf_10,-0.0727025862,195.4527648,97.72638238,97.72638238,18.72020663,367294.3625,-367313.0827,-367294.3625,-1469102.569,0.999999019,0.9990105153,-0.8790800595,-193.1625495,-193.1625495,14.00801983,0.05046311261,0.07201635952,2179010.924,-38.4885183,2178972.436,-0.1427910555927881,-0.5818562296,-7.003239774708317,0.12728841085,0.0728402327493862,0.19999099705,-0.0092541966620831,4,1.6919235964775057,-0.0727025862,195.4527648,97.72638238,97.72638238,18.72020663,367294.3625,-367313.0827,-367294.3625,-1469102.569,0.999999019,0.9990105153,-0.8790800595,-193.1625495,-193.1625495,14.00801983,0.05046311261,0.07201635952,2179010.924,-38.4885183,2178972.436,-0.1427910555927881,-0.5818562296,-7.003239774708317,0.12728841085,0.0728402327493862,0.19999099705,-0.0092541966620831,4,1.6919235964775057,5.096525964279246e-05,5.096525964279246e-05
CHEMBL611190-conf_2,-0.0727136702,195.4541868,97.72709342,97.72709342,18.71710542,367299.2191,-367317.9362,-367299.2191,-1469122.008,0.9999990193,0.9990106911,-0.8790987148,-193.1625018,-193.1625018,14.00926872,0.05049120162,0.07206470886,2175809.027,-38.42586811,2175770.602,-0.142741534584242,-0.582121604,-7.005669393373573,0.12735198345,0.071725629261721,0.20006565365,-0.0092602301238991,4,1.703232833926264,-0.0727136702,195.4541868,97.72709342,97.72709342,18.71710542,367299.2191,-367317.9362,-367299.2191,-1469122.008,0.9999990193,0.9990106911,-0.8790987148,-193.1625018,-193.1625018,14.00926872,0.05049120162,0.07206470886,2175809.027,-38.42586811,2175770.602,-0.142741534584242,-0.582121604,-7.005669393373573,0.12735198345,0.071725629261721,0.20006565365,-0.0092602301238991,4,1.703232833926264,5.095614337168869e-05,5.095614337168869e-05
CHEMBL611190-conf_3,-0.0730938749,195.4742752,97.73713762,97.73713762,18.7090693,367339.4078,-367358.1169,-367339.4078,-1469282.795,0.9999990205,0.9990112846,-0.8793622516,-193.1623068,-193.1623068,14.00282905,0.05022426939,0.07155262385,2153748.675,-38.60334466,2153710.072,-0.1480617574851268,-0.5667654086,-6.753938471252124,0.123417883425,0.071265105320214,0.196511758325,-0.0090210913314897,4,1.701459414201244,-0.0730938749,195.4742752,97.73713762,97.73713762,18.7090693,367339.4078,-367358.1169,-367339.4078,-1469282.795,0.9999990205,0.9990112846,-0.8793622516,-193.1623068,-193.1623068,14.00282905,0.05022426939,0.07155262385,2153748.675,-38.60334466,2153710.072,-0.1480617574851268,-0.5667654086,-6.753938471252124,0.123417883425,0.071265105320214,0.196511758325,-0.0090210913314897,4,1.701459414201244,5.092869447905208e-05,5.092869447905208e-05
CHEMBL611190-conf_4,-0.0729949347,195.4726834,97.73634169,97.73634169,18.70952901,367336.8138,-367355.5233,-367336.8138,-1469272.417,0.9999990204,0.9990112469,-0.8793413677,-193.1623232,-193.1623232,14.00336532,0.05012974335,0.07139350643,2165085.294,-38.567491,2165046.727,-0.1477695209267682,-0.5669732209,-6.767295405224878,0.1234945715499999,0.0707784780911668,0.19648950625,-0.0090144781860967,4,1.7052094061551115,-0.0729949347,195.4726834,97.73634169,97.73634169,18.70952901,367336.8138,-367355.5233,-367336.8138,-1469272.417,0.9999990204,0.9990112469,-0.8793413677,-193.1623232,-193.1623232,14.00336532,0.05012974335,0.07139350643,2165085.294,-38.567491,2165046.727,-0.1477695209267682,-0.5669732209,-6.767295405224878,0.1234945715499999,0.0707784780911668,0.19648950625,-0.0090144781860967,4,1.7052094061551115,5.0930305448874136e-05,5.0930305448874136e-05
CHEMBL611190-conf_5,-0.0749332122,195.4646134,97.73230669,97.73230669,18.70812834,367315.5672,-367334.2753,-367315.5672,-1469187.436,0.9999990204,0.9990112529,-0.879235497,-193.1625317,-193.1625317,14.00645647,0.05055562899,0.07210087176,2189896.709,-38.26025423,2189858.449,-0.1497211335148258,-0.5754184172000001,-6.679083817522506,0.12512130125,0.0703154565386824,0.20005451345,-0.0093757410173063,4,1.7062512006943191,-0.0749332122,195.4646134,97.73230669,97.73230669,18.70812834,367315.5672,-367334.2753,-367315.5672,-1469187.436,0.9999990204,0.9990112529,-0.879235497,-193.1625317,-193.1625317,14.00645647,0.05055562899,0.07210087176,2189896.709,-38.26025423,2189858.449,-0.1497211335148258,-0.5754184172000001,-6.679083817522506,0.12512130125,0.0703154565386824,0.20005451345,-0.0093757410173063,4,1.7062512006943191,5.0929438383393896e-05,5.0929438383393896e-05
CHEMBL611190-conf_6,-0.0755368876,195.4664884,97.73324421,97.73324421,18.70325631,367318.2606,-367336.9639,-367318.2606,-1469198.229,0.999999021,0.9990115259,-0.8792600955,-193.1624937,-193.1624937,14.00165744,0.05034290696,0.07169749602,2213232.673,-38.52577076,2213194.147,-0.1564222939464949,-0.5584404795,-6.392950613178295,0.120725897975,0.0700401711933741,0.196262785575,-0.0091192585857466,4,1.6922970376479256,-0.0755368876,195.4664884,97.73324421,97.73324421,18.70325631,367318.2606,-367336.9639,-367318.2606,-1469198.229,0.999999021,0.9990115259,-0.8792600955,-193.1624937,-193.1624937,14.00165744,0.05034290696,0.07169749602,2213232.673,-38.52577076,2213194.147,-0.1564222939464949,-0.5584404795,-6.392950613178295,0.120725897975,0.0700401711933741,0.196262785575,-0.0091192585857466,4,1.6922970376479256,5.091580251393264e-05,5.091580251393264e-05
CHEMBL611190-conf_7,-0.0754146792,195.4651061,97.73255303,97.73255303,18.71020443,367314.5772,-367333.2874,-367314.5772,-1469183.468,0.9999990202,0.9990111474,-0.8792419602,-193.1625772,-193.1625772,14.00120036,0.05034769917,0.07172492955,2223810.76,-38.540624,2223772.219,-0.1558546047285189,-0.5592930948,-6.4162364772082725,0.1209696039,0.070464300919978,0.1963842831,-0.0091228838710695,4,1.6903707044574476,-0.0754146792,195.4651061,97.73255303,97.73255303,18.71020443,367314.5772,-367333.2874,-367314.5772,-1469183.468,0.9999990202,0.9990111474,-0.8792419602,-193.1625772,-193.1625772,14.00120036,0.05034769917,0.07172492955,2223810.76,-38.540624,2223772.219,-0.1558546047285189,-0.5592930948,-6.4162364772082725,0.1209696039,0.070464300919978,0.1963842831,-0.0091228838710695,4,1.6903707044574476,5.09352271405393e-05,5.09352271405393e-05
CHEMBL611190-conf_8,-0.074812193,195.4622451,97.73112253,97.73112253,18.70400508,367310.0075,-367328.7115,-367310.0075,-1469165.214,0.9999990208,0.9990114507,-0.8792044274,-193.1627561,-193.1627561,14.00146301,0.05089023766,0.07258272896,2236851.618,-38.44786313,2236813.17,-0.1527289646943372,-0.5646485063,-6.547546511569311,0.122459078325,0.0704637189755338,0.197271271325,-0.009161432202252,4,1.6907049461313657,-0.074812193,195.4622451,97.73112253,97.73112253,18.70400508,367310.0075,-367328.7115,-367310.0075,-1469165.214,0.9999990208,0.9990114507,-0.8792044274,-193.1627561,-193.1627561,14.00146301,0.05089023766,0.07258272896,2236851.618,-38.44786313,2236813.17,-0.1527289646943372,-0.5646485063,-6.547546511569311,0.122459078325,0.0704637189755338,0.197271271325,-0.009161432202252,4,1.6907049461313657,5.091898480688189e-05,5.091898480688189e-05
CHEMBL611190-conf_9,-0.0730491055,195.4675309,97.73376547,97.73376547,18.70408807,367324.307,-367343.011,-367324.307,-1469222.411,0.9999990209,0.9990114908,-0.8792737722,-193.162182,-193.162182,14.00821629,0.05019593173,0.07139995468,2127625.721,-38.48997487,2127587.231,-0.1457311818014567,-0.5743083734,-6.861949430715479,0.125314816975,0.0723516426017423,0.198363922475,-0.0091541352859199,4,1.6939598289007676,-0.0730491055,195.4675309,97.73376547,97.73376547,18.70408807,367324.307,-367343.011,-367324.307,-1469222.411,0.9999990209,0.9990114908,-0.8792737722,-193.162182,-193.162182,14.00821629,0.05019593173,0.07139995468,2127625.721,-38.48997487,2127587.231,-0.1457311818014567,-0.5743083734,-6.861949430715479,0.125314816975,0.0723516426017423,0.198363922475,-0.0091541352859199,4,1.6939598289007676,5.091722861170755e-05,5.091722861170755e-05
carboplatin,-0.1220239088,195.4154965,97.70774826,97.70774826,18.6796922,367208.4743,-367227.154,-367208.4743,-1468759.178,0.9999990226,0.9990123411,-0.971196125,-193.1597356,-193.1597356,13.89647764,0.05391418377,0.07521521824,1641690.247,-34.42256973,1641655.825,-0.1959987779461279,-0.7445987538,-5.102072627589847,0.15564371125,0.0370619988794346,0.27766762005,-0.0189922540268635,4,1.962107059878753,-0.1220239088,195.4154965,97.70774826,97.70774826,18.6796922,367208.4743,-367227.154,-367208.4743,-1468759.178,0.9999990226,0.9990123411,-0.971196125,-193.1597356,-193.1597356,13.89647764,0.05391418377,0.07521521824,1641690.247,-34.42256973,1641655.825,-0.1959987779461279,-0.7445987538,-5.102072627589847,0.15564371125,0.0370619988794346,0.27766762005,-0.0189922540268635,4,1.962107059878753,5.086685991635576e-05,5.086685991635576e-05
carboplatin-conf_1,-0.1220404444,195.4155201,97.70776006,97.70776006,18.6795842,367208.5162,-367227.1957,-367208.5162,-1468759.346,0.9999990226,0.999012347,-0.971196453,-193.1597342,-193.1597342,13.89646991,0.05391539193,0.07521682392,1641532.54,-34.42268543,1641498.117,-0.1960190511230738,-0.7446352570000001,-5.101544948159825,0.15564870315,0.0370755681873218,0.27768914755,-0.0189954369027096,4,1.9620825442414505,-0.1220404444,195.4155201,97.70776006,97.70776006,18.6795842,367208.5162,-367227.1957,-367208.5162,-1468759.346,0.9999990226,0.999012347,-0.971196453,-193.1597342,-193.1597342,13.89646991,0.05391539193,0.07521682392,1641532.54,-34.42268543,1641498.117,-0.1960190511230738,-0.7446352570000001,-5.101544948159825,0.15564870315,0.0370755681873218,0.27768914755,-0.0189954369027096,4,1.9620825442414505,5.086656004437092e-05,5.086656004437092e-05
cisplatin,-0.1230841404,195.440536,97.72026801,97.72026801,18.64371636,367256.9762,-367275.62,-367256.9762,-1468953.33,0.9999990268,0.9990144517,-2.710624649,-193.159856,-193.159856,13.88919401,0.05376448907,0.07505276425,1664418.695,-30.95575048,1664387.74,-0.2346617525252705,-0.6476014044,-4.261452875207308,0.131129316,0.0081355287589477,0.2542134564,-0.0161399391410999,4,1.997181263627973,-0.1230841404,195.440536,97.72026801,97.72026801,18.64371636,367256.9762,-367275.62,-367256.9762,-1468953.33,0.9999990268,0.9990144517,-2.710624649,-193.159856,-193.159856,13.88919401,0.05376448907,0.07505276425,1664418.695,-30.95575048,1664387.74,-0.2346617525252705,-0.6476014044,-4.261452875207308,0.131129316,0.0081355287589477,0.2542134564,-0.0161399391410999,4,1.997181263627973,5.076219423440085e-05,5.076219423440085e-05
cisplatin-conf_1,-0.123105484,195.4401334,97.7200667,97.7200667,18.64459658,367256.2933,-367274.9379,-367256.2933,-1468950.595,0.9999990267,0.9990144018,-2.710613473,-193.1598734,-193.1598734,13.88923235,0.05375799763,0.0750456279,1666849.396,-30.95417753,1666818.441,-0.2346943550893173,-0.6476408268,-4.260860895522738,0.1311338356999999,0.0081859170469931,0.2542393196999999,-0.0161432943126249,4,1.99714583848082,-0.123105484,195.4401334,97.7200667,97.7200667,18.64459658,367256.2933,-367274.9379,-367256.2933,-1468950.595,0.9999990267,0.9990144018,-2.710613473,-193.1598734,-193.1598734,13.88923235,0.05375799763,0.0750456279,1666849.396,-30.95417753,1666818.441,-0.2346943550893173,-0.6476408268,-4.260860895522738,0.1311338356999999,0.0081859170469931,0.2542393196999999,-0.0161432943126249,4,1.99714583848082,5.076468513371982e-05,5.076468513371982e-05
cisplatin-conf_2,-0.1231731314,195.4405398,97.72026991,97.72026991,18.64347419,367256.9835,-367275.627,-367256.9835,-1468953.36,0.9999990268,0.9990144645,-2.710624754,-193.1598565,-193.1598565,13.88912186,0.05375918806,0.07504569266,1664961.676,-30.9551324,1664930.721,-0.2349039463106098,-0.6475284405999999,-4.257059175488332,0.1310888273,0.008192514974926,0.2542619587,-0.0161466213500948,4,1.9971391437116184,-0.1231731314,195.4405398,97.72026991,97.72026991,18.64347419,367256.9835,-367275.627,-367256.9835,-1468953.36,0.9999990268,0.9990144645,-2.710624754,-193.1598565,-193.1598565,13.88912186,0.05375918806,0.07504569266,1664961.676,-30.9551324,1664930.721,-0.2349039463106098,-0.6475284405999999,-4.257059175488332,0.1310888273,0.008192514974926,0.2542619587,-0.0161466213500948,4,1.9971391437116184,5.076153389835477e-05,5.076153389835477e-05
imifoplatin,-0.0712497772,195.4935391,97.74676953,97.74676953,18.76535435,367400.4589,-367419.2243,-367400.4589,-1469526.774,0.9999990149,0.9990084758,-0.1606829171,-193.1622916,-193.1622916,13.90479771,0.04937081284,0.07054694012,2062749.772,-44.81519673,2062704.957,-0.1240740521960175,-0.6455018141000001,-8.059702913709602,0.143563009225,0.0815188018600707,0.214812786425,-0.0102288324214427,4,1.7458160291874494,-0.0712497772,195.4935391,97.74676953,97.74676953,18.76535435,367400.4589,-367419.2243,-367400.4589,-1469526.774,0.9999990149,0.9990084758,-0.1606829171,-193.1622916,-193.1622916,13.90479771,0.04937081284,0.07054694012,2062749.772,-44.81519673,2062704.957,-0.1240740521960175,-0.6455018141000001,-8.059702913709602,0.143563009225,0.0815188018600707,0.214812786425,-0.0102288324214427,4,1.7458160291874494,5.107341453281708e-05,5.107341453281708e-05
imifoplatin-conf_1,-0.0718868128,195.4911541,97.74557706,97.74557706,18.7605701,367393.2858,-367412.0463,-367393.2858,-1469498.101,0.9999990154,0.9990087082,-0.1606669279,-193.1620639,-193.1620639,13.91017781,0.04951828014,0.0706983224,2010329.264,-44.15464279,2010285.11,-0.1293393855588843,-0.627686676,-7.731596958489722,0.1389499658,0.0752758260509644,0.2108367786,-0.009988670180031,4,1.762385725407314,-0.0718868128,195.4911541,97.74557706,97.74557706,18.7605701,367393.2858,-367412.0463,-367393.2858,-1469498.101,0.9999990154,0.9990087082,-0.1606669279,-193.1620639,-193.1620639,13.91017781,0.04951828014,0.0706983224,2010329.264,-44.15464279,2010285.11,-0.1293393855588843,-0.627686676,-7.731596958489722,0.1389499658,0.0752758260509644,0.2108367786,-0.009988670180031,4,1.762385725407314,5.1061390852388064e-05,5.1061390852388064e-05
imifoplatin-conf_2,-0.071890015,195.4911938,97.74559688,97.74559688,18.7604792,367393.3541,-367412.1146,-367393.3541,-1469498.374,0.9999990154,0.9990087133,-0.1606671936,-193.1620621,-193.1620621,13.91017179,0.04951872003,0.07069875045,2009972.594,-44.15467788,2009928.439,-0.1293473600404901,-0.6276803688,-7.731120292574706,0.13894758845,0.0752768722919378,0.21083760345,-0.0099889442178843,4,1.7623709910188328,-0.071890015,195.4911938,97.74559688,97.74559688,18.7604792,367393.3541,-367412.1146,-367393.3541,-1469498.374,0.9999990154,0.9990087133,-0.1606671936,-193.1620621,-193.1620621,13.91017179,0.04951872003,0.07069875045,2009972.594,-44.15467788,2009928.439,-0.1293473600404901,-0.6276803688,-7.731120292574706,0.13894758845,0.0752768722919378,0.21083760345,-0.0099889442178843,4,1.7623709910188328,5.106113395423679e-05,5.106113395423679e-05
imifoplatin-conf_3,-0.0742397911,195.4939391,97.74696955,97.74696955,18.75462541,367398.2991,-367417.0537,-367398.2991,-1469518.178,0.9999990161,0.9990090455,-0.1606855991,-193.1617903,-193.1617903,13.90367804,0.04955529317,0.07077483798,1951944.458,-44.14254939,1951900.315,-0.1332157375876517,-0.6315297363,-7.506620599852416,0.1393224863,0.0768539288822484,0.2135622774,-0.0103432722784446,4,1.7558279035313271,-0.0742397911,195.4939391,97.74696955,97.74696955,18.75462541,367398.2991,-367417.0537,-367398.2991,-1469518.178,0.9999990161,0.9990090455,-0.1606855991,-193.1617903,-193.1617903,13.90367804,0.04955529317,0.07077483798,1951944.458,-44.14254939,1951900.315,-0.1332157375876517,-0.6315297363,-7.506620599852416,0.1393224863,0.0768539288822484,0.2135622774,-0.0103432722784446,4,1.7558279035313271,5.10445152753126e-05,5.10445152753126e-05
iproplatin,-0.0679462849,195.5553679,97.77768394,97.77768394,18.71028669,367502.0949,-367520.8052,-367502.0949,-1469933.538,0.9999990217,0.9990119029,-0.4939755033,-193.1634635,-193.1634635,13.87877887,0.04982713602,0.07138727949,2457014.067,-42.33024987,2456971.736,-0.0828462643055881,-0.8880953341,-12.070550294354652,0.2050372623,0.1959321459775275,0.2729835472,-0.0139315202393518,4,1.4265150278206309,-0.0679462849,195.5553679,97.77768394,97.77768394,18.71028669,367502.0949,-367520.8052,-367502.0949,-1469933.538,0.9999990217,0.9990119029,-0.4939755033,-193.1634635,-193.1634635,13.87877887,0.04982713602,0.07138727949,2457014.067,-42.33024987,2456971.736,-0.0828462643055881,-0.8880953341,-12.070550294354652,0.2050372623,0.1959321459775275,0.2729835472,-0.0139315202393518,4,1.4265150278206309,5.090946260802326e-05,5.090946260802326e-05
iproplatin-conf_1,-0.0672296515,195.5578543,97.77892715,97.77892715,18.70731325,367505.7106,-367524.4179,-367505.7106,-1469948.013,0.9999990221,0.9990120807,-0.4939998016,-193.1635913,-193.1635913,13.87804029,0.04967687913,0.07103888278,2523918.521,-42.76006361,2523875.761,-0.0822624303028726,-0.8844879218,-12.156217562722306,0.204314567575,0.1978277560003788,0.271544219075,-0.0137359971744404,4,1.4147842095626744,-0.0672296515,195.5578543,97.77892715,97.77892715,18.70731325,367505.7106,-367524.4179,-367505.7106,-1469948.013,0.9999990221,0.9990120807,-0.4939998016,-193.1635913,-193.1635913,13.87804029,0.04967687913,0.07103888278,2523918.521,-42.76006361,2523875.761,-0.0822624303028726,-0.8844879218,-12.156217562722306,0.204314567575,0.1978277560003788,0.271544219075,-0.0137359971744404,4,1.4147842095626744,5.09008717213725e-05,5.09008717213725e-05
iproplatin-conf_10,-0.065146474,195.5609885,97.78049423,97.78049423,18.6926432,367514.5976,-367533.2902,-367514.5976,-1469983.62,0.9999990237,0.999012881,-0.4940304304,-193.16331,-193.16331,13.87893416,0.05042459569,0.07192456478,2387205.382,-42.73679925,2387162.645,-0.0797246377502211,-0.8822900301,-12.543173957503823,0.204285889025,0.1966318601870791,0.269432363025,-0.013308505357934,4,1.4189175978507906,-0.065146474,195.5609885,97.78049423,97.78049423,18.6926432,367514.5976,-367533.2902,-367514.5976,-1469983.62,0.9999990237,0.999012881,-0.4940304304,-193.16331,-193.16331,13.87893416,0.05042459569,0.07192456478,2387205.382,-42.73679925,2387162.645,-0.0797246377502211,-0.8822900301,-12.543173957503823,0.204285889025,0.1966318601870791,0.269432363025,-0.013308505357934,4,1.4189175978507906,5.085972808021841e-05,5.085972808021841e-05
iproplatin-conf_2,-0.0693571488,195.5559451,97.77797256,97.77797256,18.713637,367501.1076,-367519.8212,-367501.1076,-1469929.576,0.9999990214,0.999011731,-0.4939811444,-193.1635719,-193.1635719,13.87585042,0.04955074014,0.07095102853,2511913.303,-42.50502016,2511870.798,-0.0851380713075706,-0.8840003247,-11.745626658459178,0.203660793975,0.1975580944524273,0.273017942775,-0.0141253319924502,4,1.412391386049057,-0.0693571488,195.5559451,97.77797256,97.77797256,18.713637,367501.1076,-367519.8212,-367501.1076,-1469929.576,0.9999990214,0.999011731,-0.4939811444,-193.1635719,-193.1635719,13.87585042,0.04955074014,0.07095102853,2511913.303,-42.50502016,2511870.798,-0.0851380713075706,-0.8840003247,-11.745626658459178,0.203660793975,0.1975580944524273,0.273017942775,-0.0141253319924502,4,1.412391386049057,5.0918714911477534e-05,5.0918714911477534e-05
iproplatin-conf_3,-0.0634223426,195.5595654,97.7797827,97.7797827,18.68780708,367509.6082,-367528.296,-367509.6082,-1469963.682,0.9999990242,0.9990131242,-0.4940165233,-193.1633445,-193.1633445,13.88056678,0.05028432686,0.07173039813,2403982.68,-42.75897083,2403939.921,-0.0771965283658675,-0.8849922233,-12.9539504064298,0.205392470175,0.1968719886935594,0.268814812775,-0.0130264716108991,4,1.4219544861842577,-0.0634223426,195.5595654,97.7797827,97.7797827,18.68780708,367509.6082,-367528.296,-367509.6082,-1469963.682,0.9999990242,0.9990131242,-0.4940165233,-193.1633445,-193.1633445,13.88056678,0.05028432686,0.07173039813,2403982.68,-42.75897083,2403939.921,-0.0771965283658675,-0.8849922233,-12.9539504064298,0.205392470175,0.1968719886935594,0.268814812775,-0.0130264716108991,4,1.4219544861842577,5.0847260696357374e-05,5.0847260696357374e-05
iproplatin-conf_4,-0.0675157972,195.5581724,97.77908618,97.77908618,18.70647205,367507.0402,-367525.7467,-367507.0402,-1469953.335,0.9999990222,0.9990121278,-0.4940029099,-193.163581,-193.163581,13.87742174,0.04999053459,0.07146043696,2507743.243,-42.88237308,2507700.361,-0.082541317573341,-0.8854794448,-12.115144625738049,0.2044909119,0.1985468495053632,0.2720067091,-0.0138063669370834,4,1.4128958735768753,-0.0675157972,195.5581724,97.77908618,97.77908618,18.70647205,367507.0402,-367525.7467,-367507.0402,-1469953.335,0.9999990222,0.9990121278,-0.4940029099,-193.163581,-193.163581,13.87742174,0.04999053459,0.07146043696,2507743.243,-42.88237308,2507700.361,-0.082541317573341,-0.8854794448,-12.115144625738049,0.2044909119,0.1985468495053632,0.2720067091,-0.0138063669370834,4,1.4128958735768753,5.089839886855469e-05,5.089839886855469e-05
iproplatin-conf_5,-0.0703716332,195.5579789,97.77898944,97.77898944,18.70679633,367503.8088,-367522.5156,-367503.8088,-1469940.408,0.9999990221,0.999012109,-0.494001019,-193.1635521,-193.1635521,13.87514443,0.04962403732,0.07100456986,2508388.173,-42.45460276,2508345.718,-0.0868112520845069,-0.880999651,-11.519244060972,0.20265700445,0.1980444632180878,0.27302863765,-0.0142613043825661,4,1.4043302797459074,-0.0703716332,195.5579789,97.77898944,97.77898944,18.70679633,367503.8088,-367522.5156,-367503.8088,-1469940.408,0.9999990221,0.999012109,-0.494001019,-193.1635521,-193.1635521,13.87514443,0.04962403732,0.07100456986,2508388.173,-42.45460276,2508345.718,-0.0868112520845069,-0.880999651,-11.519244060972,0.20265700445,0.1980444632180878,0.27302863765,-0.0142613043825661,4,1.4043302797459074,5.08997286859015e-05,5.08997286859015e-05
iproplatin-conf_6,-0.067318754,195.5599468,97.77997339,97.77997339,18.66258088,367507.6181,-367526.2807,-367507.6181,-1469955.822,0.9999990268,0.9990144582,-0.4940202505,-193.1626616,-193.1626616,13.88022329,0.05019049358,0.0715832188,2270759.325,-42.21362617,2270717.112,-0.0811283579820914,-0.8970995566,-12.326146182087683,0.20744520065,0.1969350221504541,0.27476395465,-0.0139649524310379,4,1.4360664990944163,-0.067318754,195.5599468,97.77997339,97.77997339,18.66258088,367507.6181,-367526.2807,-367507.6181,-1469955.822,0.9999990268,0.9990144582,-0.4940202505,-193.1626616,-193.1626616,13.88022329,0.05019049358,0.0715832188,2270759.325,-42.21362617,2270717.112,-0.0811283579820914,-0.8970995566,-12.326146182087683,0.20744520065,0.1969350221504541,0.27476395465,-0.0139649524310379,4,1.4360664990944163,5.077890170045736e-05,5.077890170045736e-05
iproplatin-conf_7,-0.0651812663,195.5597319,97.77986595,97.77986595,18.69295522,367511.831,-367530.5239,-367511.831,-1469972.552,0.9999990236,0.999012854,-0.4940181505,-193.1633841,-193.1633841,13.87945151,0.05049753519,0.07201407069,2405789.092,-42.86105537,2405746.23,-0.0794400104768198,-0.8856905526,-12.588115157560232,0.205127321575,0.1978720700087962,0.270308587875,-0.0133704585729858,4,1.416165456617561,-0.0651812663,195.5597319,97.77986595,97.77986595,18.69295522,367511.831,-367530.5239,-367511.831,-1469972.552,0.9999990236,0.999012854,-0.4940181505,-193.1633841,-193.1633841,13.87945151,0.05049753519,0.07201407069,2405789.092,-42.86105537,2405746.23,-0.0794400104768198,-0.8856905526,-12.588115157560232,0.205127321575,0.1978720700087962,0.270308587875,-0.0133704585729858,4,1.416165456617561,5.086095985074181e-05,5.086095985074181e-05
iproplatin-conf_8,-0.068266038,195.5642162,97.78210808,97.78210808,18.64727007,367514.2301,-367532.8774,-367514.2301,-1469982.332,0.9999990285,0.9990153018,-0.4940619736,-193.1627261,-193.1627261,13.8760091,0.04986302961,0.07109794286,2307554.517,-42.66309846,2307511.854,-0.0845261325152112,-0.8758983757,-11.83066077014752,0.201908084425,0.1985622232513828,0.270174122425,-0.0137834649638642,4,1.3940957578055575,-0.068266038,195.5642162,97.78210808,97.78210808,18.64727007,367514.2301,-367532.8774,-367514.2301,-1469982.332,0.9999990285,0.9990153018,-0.4940619736,-193.1627261,-193.1627261,13.8760091,0.04986302961,0.07109794286,2307554.517,-42.66309846,2307511.854,-0.0845261325152112,-0.8758983757,-11.83066077014752,0.201908084425,0.1985622232513828,0.270174122425,-0.0137834649638642,4,1.3940957578055575,5.073633194917e-05,5.073633194917e-05
iproplatin-conf_9,-0.0718730691,195.5613739,97.78068696,97.78068696,18.69611712,367508.9654,-367527.6615,-367508.9654,-1469961.077,0.9999990233,0.999012701,-0.4940341973,-193.1635375,-193.1635375,13.87332619,0.04989057522,0.07138932625,2503750.065,-42.55261015,2503707.512,-0.0890162280221255,-0.8792884213,-11.233906695658275,0.20185383805,0.1995072479170035,0.27372690715,-0.0145078548502678,4,1.391688669239994,-0.0718730691,195.5613739,97.78068696,97.78068696,18.69611712,367508.9654,-367527.6615,-367508.9654,-1469961.077,0.9999990233,0.999012701,-0.4940341973,-193.1635375,-193.1635375,13.87332619,0.04989057522,0.07138932625,2503750.065,-42.55261015,2503707.512,-0.0890162280221255,-0.8792884213,-11.233906695658275,0.20185383805,0.1995072479170035,0.27372690715,-0.0145078548502678,4,1.391688669239994,5.086995913095374e-05,5.086995913095374e-05
lobaplatin,-0.0901165258,195.4633488,97.7316744,97.7316744,18.68951037,367318.7633,-367337.4529,-367318.7633,-1469200.295,0.9999990224,0.9990122253,-0.6464684916,-193.1602793,-193.1602793,13.87521753,0.0506107956,0.07222956515,1700456.674,-39.13386725,1700417.54,-0.2045403047003861,-0.5306972999999999,-4.889011979642917,0.1101451935499999,0.0664564783625124,0.2002617193499999,-0.0099259021762945,4,1.614987456716119,-0.0901165258,195.4633488,97.7316744,97.7316744,18.68951037,367318.7633,-367337.4529,-367318.7633,-1469200.295,0.9999990224,0.9990122253,-0.6464684916,-193.1602793,-193.1602793,13.87521753,0.0506107956,0.07222956515,1700456.674,-39.13386725,1700417.54,-0.2045403047003861,-0.5306972999999999,-4.889011979642917,0.1101451935499999,0.0664564783625124,0.2002617193499999,-0.0099259021762945,4,1.614987456716119,5.087831426513384e-05,5.087831426513384e-05
lobaplatin-conf_1,-0.0900545916,195.4636149,97.73180747,97.73180747,18.69436201,367315.5859,-367334.2803,-367315.5859,-1469187.566,0.9999990219,0.9990119713,-0.646471451,-193.1604142,-193.1604142,13.87251448,0.05103515246,0.072920665,1707535.072,-39.09145764,1707495.981,-0.2065927957035488,-0.525958425,-4.840439844935125,0.10897595835,0.063755044974602,0.19903054995,-0.0098137854234278,4,1.6312807874604236,-0.0900545916,195.4636149,97.73180747,97.73180747,18.69436201,367315.5859,-367334.2803,-367315.5859,-1469187.566,0.9999990219,0.9990119713,-0.646471451,-193.1604142,-193.1604142,13.87251448,0.05103515246,0.072920665,1707535.072,-39.09145764,1707495.981,-0.2065927957035488,-0.525958425,-4.840439844935125,0.10897595835,0.063755044974602,0.19903054995,-0.0098137854234278,4,1.6312807874604236,5.08919613893166e-05,5.08919613893166e-05
lobaplatin-conf_2,-0.0902518072,195.4630148,97.73150742,97.73150742,18.69301027,367315.183,-367333.8761,-367315.183,-1469185.96,0.999999022,0.9990120377,-0.646464778,-193.1604769,-193.1604769,13.87096198,0.0506265443,0.07229992041,1728040.723,-39.22311132,1728001.5,-0.2118538999775683,-0.5162614638999999,-4.720234086348577,0.1065024141749999,0.0636977954914456,0.1967542213749999,-0.0096120353504566,4,1.6126787666713365,-0.0902518072,195.4630148,97.73150742,97.73150742,18.69301027,367315.183,-367333.8761,-367315.183,-1469185.96,0.999999022,0.9990120377,-0.646464778,-193.1604769,-193.1604769,13.87096198,0.0506265443,0.07229992041,1728040.723,-39.22311132,1728001.5,-0.2118538999775683,-0.5162614638999999,-4.720234086348577,0.1065024141749999,0.0636977954914456,0.1967542213749999,-0.0096120353504566,4,1.6126787666713365,5.088833752134302e-05,5.088833752134302e-05
lobaplatin-conf_3,-0.0902476415,195.4630431,97.73152155,97.73152155,18.69294895,367315.2343,-367333.9273,-367315.2343,-1469186.165,0.999999022,0.9990120411,-0.6464650923,-193.1604759,-193.1604759,13.87096567,0.05062649413,0.07229965195,1727923.012,-39.22304306,1727883.789,-0.2118396405577231,-0.5162663095,-4.720551816304252,0.106504667,0.0636993877874019,0.1967523085,-0.0096117950054928,4,1.6126718570003131,-0.0902476415,195.4630431,97.73152155,97.73152155,18.69294895,367315.2343,-367333.9273,-367315.2343,-1469186.165,0.999999022,0.9990120411,-0.6464650923,-193.1604759,-193.1604759,13.87096567,0.05062649413,0.07229965195,1727923.012,-39.22304306,1727883.789,-0.2118396405577231,-0.5162663095,-4.720551816304252,0.106504667,0.0636993877874019,0.1967523085,-0.0096117950054928,4,1.6126718570003131,5.088816349580896e-05,5.088816349580896e-05
lobaplatin-conf_4,-0.0901150112,195.4633797,97.73168987,97.73168987,18.68942177,367318.8183,-367337.5077,-367318.8183,-1469200.515,0.9999990224,0.9990122302,-0.6464688356,-193.160278,-193.160278,13.87521742,0.05061026166,0.07222854591,1700337.122,-39.13385999,1700297.988,-0.2045351729538857,-0.5306994344,-4.889134643973723,0.1101461058,0.0664582106059118,0.200261117,-0.0099258175578033,4,1.6149655738511697,-0.0901150112,195.4633797,97.73168987,97.73168987,18.68942177,367318.8183,-367337.5077,-367318.8183,-1469200.515,0.9999990224,0.9990122302,-0.6464688356,-193.160278,-193.160278,13.87521742,0.05061026166,0.07222854591,1700337.122,-39.13385999,1700297.988,-0.2045351729538857,-0.5306994344,-4.889134643973723,0.1101461058,0.0664582106059118,0.200261117,-0.0099258175578033,4,1.6149655738511697,5.087806547994391e-05,5.087806547994391e-05
lobaplatin-conf_5,-0.0879572999,195.4641888,97.73209442,97.73209442,18.68379956,367320.5682,-367339.252,-367320.5682,-1469207.538,0.999999023,0.9990125339,-0.6464778328,-193.1601716,-193.1601716,13.87466109,0.05040849812,0.07196093834,1693387.552,-39.37637089,1693348.175,-0.2008196408445174,-0.5259488206999999,-4.979592612528571,0.1094978802,0.0645667895797086,0.1974551801,-0.0096311378871656,4,1.6359531521189092,-0.0879572999,195.4641888,97.73209442,97.73209442,18.68379956,367320.5682,-367339.252,-367320.5682,-1469207.538,0.999999023,0.9990125339,-0.6464778328,-193.1601716,-193.1601716,13.87466109,0.05040849812,0.07196093834,1693387.552,-39.37637089,1693348.175,-0.2008196408445174,-0.5259488206999999,-4.979592612528571,0.1094978802,0.0645667895797086,0.1974551801,-0.0096311378871656,4,1.6359531521189092,5.0862518661632166e-05,5.0862518661632166e-05
lobaplatin-conf_6,-0.0874928796,195.464499,97.73224948,97.73224948,18.6805686,367316.5028,-367335.1834,-367316.5028,-1469191.289,0.9999990233,0.9990127071,-0.6464812812,-193.1600568,-193.1600568,13.87564911,0.0506700265,0.07238984656,1654290.208,-39.44047547,1654250.767,-0.1985371756321759,-0.5281805207,-5.036840061896877,0.110171910275,0.0659672938814091,0.197664789875,-0.0096392576809925,4,1.6099111229411145,-0.0874928796,195.464499,97.73224948,97.73224948,18.6805686,367316.5028,-367335.1834,-367316.5028,-1469191.289,0.9999990233,0.9990127071,-0.6464812812,-193.1600568,-193.1600568,13.87564911,0.0506700265,0.07238984656,1654290.208,-39.44047547,1654250.767,-0.1985371756321759,-0.5281805207,-5.036840061896877,0.110171910275,0.0659672938814091,0.197664789875,-0.0096392576809925,4,1.6099111229411145,5.08542863416878e-05,5.08542863416878e-05
lobaplatin-conf_7,-0.0901139696,195.4634204,97.7317102,97.7317102,18.68929463,367318.8916,-367337.5809,-367318.8916,-1469200.809,0.9999990224,0.9990122373,-0.6464692879,-193.1602762,-193.1602762,13.87521501,0.05060899037,0.07222655705,1700209.956,-39.13378032,1700170.822,-0.2045323819156337,-0.5306993124,-4.8892013608509375,0.1101463357,0.0664572645607763,0.2002603053,-0.0099257235468211,4,1.6149884961015273,-0.0901139696,195.4634204,97.7317102,97.7317102,18.68929463,367318.8916,-367337.5809,-367318.8916,-1469200.809,0.9999990224,0.9990122373,-0.6464692879,-193.1602762,-193.1602762,13.87521501,0.05060899037,0.07222655705,1700209.956,-39.13378032,1700170.822,-0.2045323819156337,-0.5306993124,-4.8892013608509375,0.1101463357,0.0664572645607763,0.2002603053,-0.0099257235468211,4,1.6149884961015273,5.087770922923285e-05,5.087770922923285e-05
nedaplatin,-0.1279815231,195.4089808,97.70449039,97.70449039,18.65303654,367193.6079,-367212.2609,-367193.6079,-1468699.819,0.9999990253,0.9990136943,-2.428114352,-193.1590365,-193.1590365,13.883622,0.05436591861,0.07579454268,1545801.028,-30.85107931,1545770.177,-0.2287318359011358,-0.687508021,-4.371931856622825,0.139881624475,0.0129868506214224,0.2678631475749999,-0.0179022633540127,4,1.993970561340024,-0.1279815231,195.4089808,97.70449039,97.70449039,18.65303654,367193.6079,-367212.2609,-367193.6079,-1468699.819,0.9999990253,0.9990136943,-2.428114352,-193.1590365,-193.1590365,13.883622,0.05436591861,0.07579454268,1545801.028,-30.85107931,1545770.177,-0.2287318359011358,-0.687508021,-4.371931856622825,0.139881624475,0.0129868506214224,0.2678631475749999,-0.0179022633540127,4,1.993970561340024,5.0796333690719634e-05,5.0796333690719634e-05
nedaplatin-conf_1,-0.1279235152,195.4092401,97.70462003,97.70462003,18.65210714,367193.9988,-367212.6509,-367193.9988,-1468701.387,0.9999990254,0.9990137456,-2.428120985,-193.159023,-193.159023,13.88365294,0.05436105588,0.07578622419,1544572.929,-30.85177109,1544542.077,-0.2286287184984146,-0.6874486529,-4.373903709769226,0.139881284425,0.0129793885083631,0.267804799625,-0.017894105614337,4,1.9939770063108984,-0.1279235152,195.4092401,97.70462003,97.70462003,18.65210714,367193.9988,-367212.6509,-367193.9988,-1468701.387,0.9999990254,0.9990137456,-2.428120985,-193.159023,-193.159023,13.88365294,0.05436105588,0.07578622419,1544572.929,-30.85177109,1544542.077,-0.2286287184984146,-0.6874486529,-4.373903709769226,0.139881284425,0.0129793885083631,0.267804799625,-0.017894105614337,4,1.9939770063108984,5.079374878366969e-05,5.079374878366969e-05
oxaliplatin,-0.0823467187,195.4897359,97.74486793,97.74486793,18.73010528,367390.2588,-367408.9889,-367390.2588,-1469486.115,0.9999990186,0.9990103043,-0.6814616562,-193.1607153,-193.1607153,13.8978208,0.04981233871,0.071085368,1768996.944,-39.35078698,1768957.593,-0.1662308467583012,-0.5777223984,-6.015730651086646,0.1238439199249999,0.058537738150814,0.2061906386249999,-0.0101981404367693,4,1.804604379986548,-0.0823467187,195.4897359,97.74486793,97.74486793,18.73010528,367390.2588,-367408.9889,-367390.2588,-1469486.115,0.9999990186,0.9990103043,-0.6814616562,-193.1607153,-193.1607153,13.8978208,0.04981233871,0.071085368,1768996.944,-39.35078698,1768957.593,-0.1662308467583012,-0.5777223984,-6.015730651086646,0.1238439199249999,0.058537738150814,0.2061906386249999,-0.0101981404367693,4,1.804604379986548,5.097889775663025e-05,5.097889775663025e-05
oxaliplatin-conf_1,-0.08235279,195.4898639,97.74493193,97.74493193,18.72965263,367390.482,-367409.2116,-367390.482,-1469487.009,0.9999990186,0.9990103293,-0.6814631182,-193.1607086,-193.1607086,13.89781845,0.049812011,0.07108437987,1768211.525,-39.35009623,1768172.175,-0.166244524985148,-0.5777242316,-6.015235690254088,0.1238428604,0.058547588706977,0.2061956503999999,-0.0101988050755205,4,1.8045348443902365,-0.08235279,195.4898639,97.74493193,97.74493193,18.72965263,367390.482,-367409.2116,-367390.482,-1469487.009,0.9999990186,0.9990103293,-0.6814631182,-193.1607086,-193.1607086,13.89781845,0.049812011,0.07108437987,1768211.525,-39.35009623,1768172.175,-0.166244524985148,-0.5777242316,-6.015235690254088,0.1238428604,0.058547588706977,0.2061956503999999,-0.0101988050755205,4,1.8045348443902365,5.097763485143931e-05,5.097763485143931e-05
oxaliplatin-conf_2,-0.0814583522,195.495403,97.74770151,97.74770151,18.71362331,367397.9595,-367416.6731,-367397.9595,-1469516.983,0.9999990204,0.9990112221,-0.6815263896,-193.160631,-193.160631,13.89787012,0.04976318112,0.07101457561,1751810.697,-39.36405765,1751771.333,-0.1633627533289444,-0.5800931422,-6.12134638785389,0.1246586975,0.0593540995580232,0.2061170497,-0.0101544920857482,4,1.8021405698954545,-0.0814583522,195.495403,97.74770151,97.74770151,18.71362331,367397.9595,-367416.6731,-367397.9595,-1469516.983,0.9999990204,0.9990112221,-0.6815263896,-193.160631,-193.160631,13.89787012,0.04976318112,0.07101457561,1751810.697,-39.36405765,1751771.333,-0.1633627533289444,-0.5800931422,-6.12134638785389,0.1246586975,0.0593540995580232,0.2061170497,-0.0101544920857482,4,1.8021405698954545,5.093297250804593e-05,5.093297250804593e-05
oxaliplatin-conf_3,-0.0852717792,195.4899471,97.74497356,97.74497356,18.72106573,367389.4187,-367408.1398,-367389.4187,-1469482.791,0.9999990195,0.9990107833,-0.6814640694,-193.1608566,-193.1608566,13.89699487,0.04972357705,0.07094896659,1826836.504,-40.06939197,1826796.435,-0.1710561320339307,-0.5837735177,-5.846034211750093,0.124625434625,0.0596124135112361,0.2098972138249999,-0.010627032544047,4,1.8071682658859616,-0.0852717792,195.4899471,97.74497356,97.74497356,18.72106573,367389.4187,-367408.1398,-367389.4187,-1469482.791,0.9999990195,0.9990107833,-0.6814640694,-193.1608566,-193.1608566,13.89699487,0.04972357705,0.07094896659,1826836.504,-40.06939197,1826796.435,-0.1710561320339307,-0.5837735177,-5.846034211750093,0.124625434625,0.0596124135112361,0.2098972138249999,-0.010627032544047,4,1.8071682658859616,5.095441200674237e-05,5.095441200674237e-05
picoplatin,-0.0580224628,195.7425686,97.87128431,97.87128431,18.53642416,367912.2656,-367930.802,-367912.2656,-1471574.917,0.9999990429,0.999022634,-0.9757443708,-193.1615745,-193.1615745,13.86608177,0.05248996787,0.07846091722,1696877.644,-40.50390664,1696837.14,-0.192603370438755,-0.359276084,-5.192017137197423,0.1004178737333333,0.0579231846727764,0.1584403365333333,-0.0058264923431474,3,1.3412424269678538,-0.0580224628,195.7425686,97.87128431,97.87128431,18.53642416,367912.2656,-367930.802,-367912.2656,-1471574.917,0.9999990429,0.999022634,-0.9757443708,-193.1615745,-193.1615745,13.86608177,0.05248996787,0.07846091722,1696877.644,-40.50390664,1696837.14,-0.192603370438755,-0.359276084,-5.192017137197423,0.1004178737333333,0.0579231846727764,0.1584403365333333,-0.0058264923431474,3,1.3412424269678538,5.038019121867377e-05,5.038019121867377e-05
picoplatin-conf_1,-0.0580271352,195.7425767,97.87128837,97.87128837,18.53633363,367912.2767,-367930.8131,-367912.2767,-1471574.962,0.9999990429,0.9990226388,-0.9757444838,-193.1615731,-193.1615731,13.86607793,0.05248777382,0.07845763678,1696814.699,-40.50385811,1696774.195,-0.1926227291853657,-0.3592747369,-5.191495335099706,0.1004158672333333,0.0579225078439665,0.1584430024333333,-0.0058268451041738,3,1.3412394195996018,-0.0580271352,195.7425767,97.87128837,97.87128837,18.53633363,367912.2767,-367930.8131,-367912.2767,-1471574.962,0.9999990429,0.9990226388,-0.9757444838,-193.1615731,-193.1615731,13.86607793,0.05248777382,0.07845763678,1696814.699,-40.50385811,1696774.195,-0.1926227291853657,-0.3592747369,-5.191495335099706,0.1004158672333333,0.0579225078439665,0.1584430024333333,-0.0058268451041738,3,1.3412394195996018,5.037994364707368e-05,5.037994364707368e-05
picoplatin-conf_2,-0.0580475235,195.7426173,97.87130866,97.87130866,18.53617377,367912.3512,-367930.8874,-367912.3512,-1471575.26,0.9999990429,0.9990226476,-0.9757450483,-193.1615707,-193.1615707,13.86605876,0.05248874579,0.07845907976,1696538.119,-40.50351461,1696497.616,-0.1927118740273385,-0.3592615705999999,-5.189093848250046,0.1004046823666666,0.0579112889669297,0.1584522058666666,-0.0058282431591891,3,1.3412682533377605,-0.0580475235,195.7426173,97.87130866,97.87130866,18.53617377,367912.3512,-367930.8874,-367912.3512,-1471575.26,0.9999990429,0.9990226476,-0.9757450483,-193.1615707,-193.1615707,13.86605876,0.05248874579,0.07845907976,1696538.119,-40.50351461,1696497.616,-0.1927118740273385,-0.3592615705999999,-5.189093848250046,0.1004046823666666,0.0579112889669297,0.1584522058666666,-0.0058282431591891,3,1.3412682533377605,5.037949898957029e-05,5.037949898957029e-05
satraplatin,-0.0693948804,195.5603283,97.78016417,97.78016417,18.70206887,367515.6739,-367534.3759,-367515.6739,-1469987.887,0.9999990227,0.9990123782,-0.09007950448,-193.1633955,-193.1633955,13.89059036,0.05053018818,0.07223791653,2386204.176,-47.71076388,2386156.465,-0.0821890386056302,-0.9137274286,-12.167072604393452,0.21108313705,0.2060555206011998,0.28047801745,-0.0146480890500415,4,1.392745572728968,-0.0693948804,195.5603283,97.78016417,97.78016417,18.70206887,367515.6739,-367534.3759,-367515.6739,-1469987.887,0.9999990227,0.9990123782,-0.09007950448,-193.1633955,-193.1633955,13.89059036,0.05053018818,0.07223791653,2386204.176,-47.71076388,2386156.465,-0.0821890386056302,-0.9137274286,-12.167072604393452,0.21108313705,0.2060555206011998,0.28047801745,-0.0146480890500415,4,1.392745572728968,5.088522352284273e-05,5.088522352284273e-05
satraplatin-conf_1,-0.0813647204,195.531332,97.76566598,97.76566598,18.7580571,367469.3411,-367488.0992,-367469.3411,-1469802.332,0.9999990163,0.9990091799,-0.0899050691,-193.1651667,-193.1651667,13.87192213,0.04926474912,0.07032253177,3404648.072,-49.489926,3404598.582,-0.1023004468482906,-0.8767153069,-9.775128367552282,0.198837646625,0.2144698069442327,0.280202367025,-0.0161783695226371,4,1.2817951682822262,-0.0813647204,195.531332,97.76566598,97.76566598,18.7580571,367469.3411,-367488.0992,-367469.3411,-1469802.332,0.9999990163,0.9990091799,-0.0899050691,-193.1651667,-193.1651667,13.87192213,0.04926474912,0.07032253177,3404648.072,-49.489926,3404598.582,-0.1023004468482906,-0.8767153069,-9.775128367552282,0.198837646625,0.2144698069442327,0.280202367025,-0.0161783695226371,4,1.2817951682822262,5.10439852088685e-05,5.10439852088685e-05
satraplatin-conf_10,-0.0667943302,195.5586007,97.77930035,97.77930035,18.67110728,367510.0334,-367528.7045,-367510.0334,-1469965.449,0.9999990259,0.9990139971,-0.0900691107,-193.1636473,-193.1636473,13.88949435,0.05094339403,0.07261482475,2519831.178,-48.23757888,2519782.94,-0.0793371179082374,-0.908699506,-12.604440725419536,0.21047629395,0.2085760951860123,0.27727062415,-0.0140586230773685,4,1.371829351560502,-0.0667943302,195.5586007,97.77930035,97.77930035,18.67110728,367510.0334,-367528.7045,-367510.0334,-1469965.449,0.9999990259,0.9990139971,-0.0900691107,-193.1636473,-193.1636473,13.88949435,0.05094339403,0.07261482475,2519831.178,-48.23757888,2519782.94,-0.0793371179082374,-0.908699506,-12.604440725419536,0.21047629395,0.2085760951860123,0.27727062415,-0.0140586230773685,4,1.371829351560502,5.080176609715664e-05,5.080176609715664e-05
satraplatin-conf_2,-0.0791706582,195.5368757,97.76843783,97.76843783,18.7560426,367481.1508,-367499.9069,-367481.1508,-1469849.579,0.9999990166,0.999009333,-0.08993841678,-193.1653118,-193.1653118,13.87260633,0.04953907812,0.07075270265,3430831.624,-48.93593983,3430782.688,-0.0992420678536369,-0.8769236667,-10.076372063053029,0.199438252125,0.2143340538089898,0.278608910325,-0.0157896576909937,4,1.283271837373155,-0.0791706582,195.5368757,97.76843783,97.76843783,18.7560426,367481.1508,-367499.9069,-367481.1508,-1469849.579,0.9999990166,0.999009333,-0.08993841678,-193.1653118,-193.1653118,13.87260633,0.04953907812,0.07075270265,3430831.624,-48.93593983,3430782.688,-0.0992420678536369,-0.8769236667,-10.076372063053029,0.199438252125,0.2143340538089898,0.278608910325,-0.0157896576909937,4,1.283271837373155,5.103686354158366e-05,5.103686354158366e-05
satraplatin-conf_3,-0.0830168264,195.5313761,97.76568804,97.76568804,18.74393234,367465.3023,-367484.0462,-367465.3023,-1469786.233,0.9999990178,0.9990099256,-0.0899053344,-193.1648835,-193.1648835,13.87159257,0.04955813651,0.07078573487,3267896.556,-48.80251086,3267847.754,-0.1034406940702893,-0.8855716346999999,-9.667375194915907,0.2006387020749999,0.213945807981554,0.283655528475,-0.0166563882992815,4,1.3038698460692075,-0.0830168264,195.5313761,97.76568804,97.76568804,18.74393234,367465.3023,-367484.0462,-367465.3023,-1469786.233,0.9999990178,0.9990099256,-0.0899053344,-193.1648835,-193.1648835,13.87159257,0.04955813651,0.07078573487,3267896.556,-48.80251086,3267847.754,-0.1034406940702893,-0.8855716346999999,-9.667375194915907,0.2006387020749999,0.213945807981554,0.283655528475,-0.0166563882992815,4,1.3038698460692075,5.100611178586724e-05,5.100611178586724e-05
satraplatin-conf_4,-0.0746683383,195.5492138,97.77460689,97.77460689,18.73595903,367504.7134,-367523.4494,-367504.7134,-1469943.91,0.9999990189,0.9990104967,-0.09001263911,-193.1647688,-193.1647688,13.88015757,0.04941279828,0.07060033398,3099268.279,-48.5256125,3099219.753,-0.0914420745889944,-0.8912326893999999,-10.935884870227518,0.2041410877749999,0.2132932674667572,0.278809426075,-0.0152428758029136,4,1.3132657987310226,-0.0746683383,195.5492138,97.77460689,97.77460689,18.73595903,367504.7134,-367523.4494,-367504.7134,-1469943.91,0.9999990189,0.9990104967,-0.09001263911,-193.1647688,-193.1647688,13.88015757,0.04941279828,0.07060033398,3099268.279,-48.5256125,3099219.753,-0.0914420745889944,-0.8912326893999999,-10.935884870227518,0.2041410877749999,0.2132932674667572,0.278809426075,-0.0152428758029136,4,1.3132657987310226,5.097894858297442e-05,5.097894858297442e-05
satraplatin-conf_5,-0.0746740623,195.5492167,97.77460833,97.77460833,18.73593735,367504.7158,-367523.4518,-367504.7158,-1469943.92,0.9999990189,0.9990104978,-0.09001265643,-193.1647691,-193.1647691,13.88014762,0.04941179193,0.07059899348,3099652.884,-48.52548664,3099604.358,-0.0914520173109082,-0.8912122262,-10.93469591381799,0.204134540975,0.2132932023755604,0.278808603275,-0.015243555430349,4,1.313235732861769,-0.0746740623,195.5492167,97.77460833,97.77460833,18.73593735,367504.7158,-367523.4518,-367504.7158,-1469943.92,0.9999990189,0.9990104978,-0.09001265643,-193.1647691,-193.1647691,13.88014762,0.04941179193,0.07059899348,3099652.884,-48.52548664,3099604.358,-0.0914520173109082,-0.8912122262,-10.93469591381799,0.204134540975,0.2132932023755604,0.278808603275,-0.015243555430349,4,1.313235732861769,5.0978889260639015e-05,5.0978889260639015e-05
satraplatin-conf_6,-0.0783655471,195.5502127,97.77510636,97.77510636,18.75437594,367507.8705,-367526.6249,-367507.8705,-1469956.465,0.999999017,0.9990095334,-0.0900186486,-193.16499,-193.16499,13.87597577,0.04927941085,0.07051363194,3190740.223,-49.04605604,3190691.177,-0.0971002813654831,-0.8854234258,-10.29863133182924,0.201764469675,0.2131846565388417,0.280130016775,-0.0158113830514227,4,1.3070066345186913,-0.0783655471,195.5502127,97.77510636,97.77510636,18.75437594,367507.8705,-367526.6249,-367507.8705,-1469956.465,0.999999017,0.9990095334,-0.0900186486,-193.16499,-193.16499,13.87597577,0.04927941085,0.07051363194,3190740.223,-49.04605604,3190691.177,-0.0971002813654831,-0.8854234258,-10.29863133182924,0.201764469675,0.2131846565388417,0.280130016775,-0.0158113830514227,4,1.3070066345186913,5.102861852553638e-05,5.102861852553638e-05
satraplatin-conf_7,-0.0755535899,195.5526483,97.77632417,97.77632417,18.74349935,367510.0054,-367528.7489,-367510.0054,-1469965.048,0.9999990182,0.9990101278,-0.09003330103,-193.1649687,-193.1649687,13.87792646,0.04942797701,0.0707182084,3150721.93,-48.41363934,3150673.517,-0.0931350524057133,-0.8867797389000001,-10.73709601454689,0.20280653725,0.2126604857281384,0.27836012715,-0.0153227619444255,4,1.3125726660958985,-0.0755535899,195.5526483,97.77632417,97.77632417,18.74349935,367510.0054,-367528.7489,-367510.0054,-1469965.048,0.9999990182,0.9990101278,-0.09003330103,-193.1649687,-193.1649687,13.87792646,0.04942797701,0.0707182084,3150721.93,-48.41363934,3150673.517,-0.0931350524057133,-0.8867797389000001,-10.73709601454689,0.20280653725,0.2126604857281384,0.27836012715,-0.0153227619444255,4,1.3125726660958985,5.099872977583006e-05,5.099872977583006e-05
satraplatin-conf_8,-0.0782859237,195.5457886,97.77289432,97.77289432,18.71967661,367492.0042,-367510.7239,-367492.0042,-1469893.138,0.9999990206,0.9990113269,-0.08999203402,-193.1643593,-193.1643593,13.87757698,0.04946347472,0.07072140872,2949928.64,-48.21857709,2949880.421,-0.0955719374296285,-0.8974167879,-10.463322465721896,0.2047827160499999,0.2123818592726726,0.2830686397499999,-0.016031604083769,4,1.3335200488377852,-0.0782859237,195.5457886,97.77289432,97.77289432,18.71967661,367492.0042,-367510.7239,-367492.0042,-1469893.138,0.9999990206,0.9990113269,-0.08999203402,-193.1643593,-193.1643593,13.87757698,0.04946347472,0.07072140872,2949928.64,-48.21857709,2949880.421,-0.0955719374296285,-0.8974167879,-10.463322465721896,0.2047827160499999,0.2123818592726726,0.2830686397499999,-0.016031604083769,4,1.3335200488377852,5.093640917834453e-05,5.093640917834453e-05
satraplatin-conf_9,-0.0698906149,195.5507376,97.77536879,97.77536879,18.68126108,367492.6955,-367511.3768,-367492.6955,-1469896.057,0.9999990247,0.9990133954,-0.09002180604,-193.163578,-193.163578,13.88743692,0.05096432945,0.07262825842,2508799.273,-48.85530913,2508750.418,-0.0836003519015864,-0.9058992358,-11.96167213718419,0.209002155225,0.2094253928583785,0.278892770125,-0.0146072891441004,4,1.364093854952623,-0.0698906149,195.5507376,97.77536879,97.77536879,18.68126108,367492.6955,-367511.3768,-367492.6955,-1469896.057,0.9999990247,0.9990133954,-0.09002180604,-193.163578,-193.163578,13.88743692,0.05096432945,0.07262825842,2508799.273,-48.85530913,2508750.418,-0.0836003519015864,-0.9058992358,-11.96167213718419,0.209002155225,0.2094253928583785,0.278892770125,-0.0146072891441004,4,1.364093854952623,5.083178986909664e-05,5.083178986909664e-05
