log_name,Pt,N1,N2,3,4,5,6,7,8,9,10,11,12,13,14,15,16,17,HOMO,LUMO,μ,η,ω,polar_iso(au),polar_aniso(au),dipole(Debye),volume(Bohr_radius³/mol),SASA_surface_area(Å²),SASA_volume(Å³),SASA_sphericity,NMR_isotropic_shielding_Pt,NMR_isotropic_shielding_N1,NMR_isotropic_shielding_N2,distance_Pt_N1(Å),distance_Pt_N2(Å),angle_N1_Pt_N2(°),%Vbur_Pt_2.0Å,%Vbur_N1_2.0Å,%Vbur_N2_2.0Å,%Vbur_Pt_2.5Å,%Vbur_N1_2.5Å,%Vbur_N2_2.5Å,%Vbur_Pt_3.0Å,%Vbur_N1_3.0Å,%Vbur_N2_3.0Å,%Vbur_Pt_3.5Å,%Vbur_N1_3.5Å,%Vbur_N2_3.5Å,%Vbur_Pt_4.0Å,%Vbur_N1_4.0Å,%Vbur_N2_4.0Å,Sterimol_L_Pt_N1(Å)_morfeus,Sterimol_B1_Pt_N1(Å)_morfeus,Sterimol_B5_Pt_N1(Å)_morfeus,Sterimol_L_Pt_N2(Å)_morfeus,Sterimol_B1_Pt_N2(Å)_morfeus,Sterimol_B5_Pt_N2(Å)_morfeus,Buried_Sterimol_L_Pt_N1_5.0(Å),Buried_Sterimol_B1_Pt_N1_5.0(Å),Buried_Sterimol_B5_Pt_N1_5.0(Å),Buried_Sterimol_L_Pt_N2_5.0(Å),Buried_Sterimol_B1_Pt_N2_5.0(Å),Buried_Sterimol_B5_Pt_N2_5.0(Å),Sterimol_B1_Pt_N1(Å)_dbstep,Sterimol_B5_Pt_N1(Å)_dbstep,Sterimol_L_Pt_N1(Å)_dbstep,Sterimol_B1_Pt_N2(Å)_dbstep,Sterimol_B5_Pt_N2(Å)_dbstep,Sterimol_L_Pt_N2(Å)_dbstep,Sterimol_Bmin_Pt_N1_0.0Å(Å),Sterimol_Bmax_Pt_N1_0.0Å(Å),Sterimol_Bmin_Pt_N1_1.0Å(Å),Sterimol_Bmax_Pt_N1_1.0Å(Å),Sterimol_Bmin_Pt_N2_0.0Å(Å),Sterimol_Bmax_Pt_N2_0.0Å(Å),Sterimol_Bmin_Pt_N2_1.0Å(Å),Sterimol_Bmax_Pt_N2_1.0Å(Å),Hirsh_charge_Pt,Hirsh_CM5_charge_Pt,Hirsh_atom_dipole_Pt,Hirsh_charge_N1,Hirsh_CM5_charge_N1,Hirsh_atom_dipole_N1,Hirsh_charge_N2,Hirsh_CM5_charge_N2,Hirsh_atom_dipole_N2,G(T)_spc(Hartree)
CHEMBL1743583-conf_1,1,3,4,1.0,3.0,2.0,1.0,3.0,5.0,1.0,4.0,2.0,1.0,4.0,5.0,1.0,2.0,5.0,-0.54203,-0.35662,-0.449325,0.18541000000000002,0.54445,142.439,31.4176,4.3115,1699.136,387.5685748616471,623.526361446003,0.9106932438420436,-175.6372,211.9777,215.5408,2.09553,2.14141,94.779,99.26394628099173,97.55617252066115,97.54325929752066,98.62286756088032,85.94543560359422,87.26071103008204,95.67193087008343,75.33801400476759,77.9369040524434,88.50284196794634,66.86020778978755,70.14594204248975,75.24556203835888,58.25290174414995,61.94874619824964,5.4183751364974295,3.3033395561144587,5.095206611942235,5.43590142051886,3.2373261146951,5.631065559425323,5.4183751364974295,3.3033395561144587,5.095206611942235,5.43590142051886,3.2373261146951,5.631065559425323,3.2940314758875857,5.076662289339326,4.999999999999999,3.2331780045855485,5.615380663855301,5.0,3.2940314758875857,5.0766622893393265,3.2825465656879036,5.0766622893393265,3.2331780045855485,5.615380663855301,3.189385842803582,5.615380663855301,0.517523,0.992858,0.9928650780267176,-0.043901,-0.569349,0.5762751479883546,-0.059560,-0.576080,0.5835014383435572,-730.039879
CHEMBL1743583-conf_2,1,3,5,1.0,3.0,2.0,1.0,3.0,4.0,1.0,5.0,2.0,1.0,5.0,4.0,1.0,2.0,4.0,-0.52242,-0.36502,-0.44372,0.15739999999999998,0.62544,144.52,52.8316,0.0001,1602.09,390.0684823361742,625.1027743329792,0.9063811845653955,-182.0822,207.9249,207.9242,2.10615,2.10614,89.797,99.25103305785123,97.59491219008265,97.59491219008265,98.25498111733299,86.24983721838781,86.2514650345097,94.82270560190703,75.59222288438617,75.59501638855781,88.13711330600074,66.86079016026835,66.86195490122996,75.11987151635529,58.166780460554904,58.16561665942523,5.419961892131618,3.291001580849036,5.068660905975948,5.41995761731269,3.2909134098780832,5.068666274543274,5.419961892131618,3.291001580849036,5.068660905975948,5.41995761731269,3.2909134098780832,5.068666274543274,3.2910035164010405,5.042072986381693,4.999999999999999,3.29100351640104,5.042072986381693,4.999999999999999,3.29100351640104,5.042072986381693,3.2529232111064807,5.042072986381693,3.2910035164010396,5.042072986381693,3.2529232111064803,5.042072986381693,0.515802,0.991653,0.9916530000010084,-0.043153,-0.566774,0.5730282105943826,-0.043152,-0.566774,0.5730281019950069,-730.035034
CHEMBL1743583,1,2,3,1.0,2.0,4.0,1.0,2.0,5.0,1.0,3.0,4.0,1.0,3.0,5.0,1.0,4.0,5.0,-0.52558,-0.3664,-0.44599,0.15918000000000004,0.62479,144.037,48.3039,2.0093,1504.172,390.17877554927543,624.5256347565675,0.9055671558251137,-183.121,219.8388,215.9584,2.11887,2.1124,92.28,99.22843491735537,97.45932334710744,97.51420454545455,98.15080088553198,85.4326735251986,85.76800364630812,94.89068087008343,74.64522497020262,75.22627383790227,88.16506708907939,66.24405982109579,66.82468319045844,75.37784743343057,57.84673514989759,58.28975544658929,5.376981706733009,3.2337451550388394,5.054469033782759,5.418969360170655,3.2942811185223713,5.046807609475074,5.376981706733009,3.2337451550388394,5.054469033782759,5.418969360170655,3.2942811185223713,5.046807609475074,3.226185102677869,5.042072986381692,4.95,3.2931782239253744,5.031152949374527,5.0,3.226185102677868,5.042072986381692,3.225352077758099,5.042072986381692,3.2931782239253735,5.031152949374527,3.2931782239253735,5.031152949374527,0.517395,0.992478,0.9927019399704021,-0.046169,-0.567678,0.5736788367806503,-0.047562,-0.569946,0.5762993770159741,-730.030669
CHEMBL1743593-conf_10,1,3,5,1.0,3.0,2.0,1.0,3.0,4.0,1.0,5.0,2.0,1.0,5.0,4.0,1.0,2.0,4.0,-0.53716,-0.32731,-0.432235,0.20984999999999998,0.44514,122.742,51.1403,0.0003,1443.747,378.9398492959477,585.0294132862688,0.8926865281755016,-82.562,232.2456,237.0399,2.11284,2.10788,88.336,77.69240702479338,97.89837293388429,97.5884555785124,75.90832139601511,84.57969787732777,84.79945305378305,73.60231674612633,71.48856525625746,72.18787246722287,69.51814666418188,61.11803484904957,61.945583302273576,61.91577183290919,51.22509465582521,52.21199801377941,5.371371042029225,2.7714187511226465,4.968595298503815,5.337340737375239,2.8531843957658323,4.9692924714410465,5.371371042029225,2.7714187511226465,4.968595298503815,5.337340737375239,2.8531843957658323,4.9692924714410465,2.768159214850785,4.952019789944302,4.950000000000001,2.8196438138407713,4.952019789944301,4.9,2.4448949886337075,4.942165517260627,2.4448949886337075,4.952019789944302,2.6362772446499663,4.938117050050556,1.91216301315295,4.952019789944301,0.217983,0.564970,0.56497000001593,-0.057315,-0.576708,0.5831199905242488,-0.057905,-0.578048,0.5843192945487938,-578.427574
CHEMBL1743593-conf_1,1,2,3,1.0,2.0,4.0,1.0,2.0,5.0,1.0,3.0,4.0,1.0,3.0,5.0,1.0,4.0,5.0,-0.53539,-0.32697,-0.43118,0.20842000000000005,0.44601,123.475,49.4261,0.3724,1731.742,379.97976812873844,585.0536217634786,0.8902680053397573,-88.7898,232.0084,232.0089,2.1107,2.1107,91.713,77.49225206611571,97.4819214876033,97.4819214876033,75.22301080869906,84.21343924990234,84.21181143378044,72.63762663885578,71.35820172824792,71.35820172824792,68.66439153932166,61.21645546030563,61.21703783078644,61.12011979392962,51.51604493824096,51.51604493824096,5.376309050803478,2.0557750402631485,5.056934008907929,5.376316267417648,2.055911902960691,5.05693840560366,5.376309050803478,2.0557750402631485,5.056934008907929,5.376316267417648,2.055911902960691,5.05693840560366,2.0,5.044799302251776,4.950000000000001,2.0,5.044799302251776,4.950000000000001,1.9999999999999998,5.044799302251776,1.995951882613764,5.044799302251776,1.9999999999999998,5.044799302251776,1.9959518826137639,5.044799302251776,0.218666,0.564644,0.5653814713668993,-0.057334,-0.576718,0.5830493615921383,-0.057334,-0.576718,0.5830492872347928,-578.437289
CHEMBL1743593-conf_2,1,5,3,1.0,5.0,2.0,1.0,5.0,4.0,1.0,3.0,2.0,1.0,3.0,4.0,1.0,2.0,4.0,-0.5353,-0.32691,-0.43110499999999996,0.20839000000000002,0.44592,123.915,54.3175,0.0001,1404.443,380.0197706044878,585.1032452285758,0.8902246268767265,-89.1688,232.04,232.0394,2.1112,2.1112,88.52,77.45996900826447,97.52066115702479,97.51743285123968,75.17417632504232,84.29971350436254,84.29971350436254,72.69442789034565,71.39451728247914,71.39451728247914,68.62944931047336,61.22810286992173,61.226355758479315,61.13641300974489,51.511389733722304,51.511001800012416,5.379908363250235,2.7803937668894667,5.059418163765127,5.379906248496798,2.780644105913104,5.059425449792329,5.379908363250235,2.7803937668894667,5.059418163765127,5.379906248496798,2.780644105913104,5.059425449792329,2.75,5.042072986381693,4.950000000000001,2.75,5.042072986381693,4.950000000000001,2.5223240332248853,5.042072986381693,2.3870581651795644,5.042072986381693,2.5223240332248844,5.042072986381693,2.3870581651795657,5.042072986381693,0.218275,0.563756,0.5637560000017738,-0.057518,-0.576817,0.5831273837739058,-0.057518,-0.576817,0.5831274224275514,-578.437397
CHEMBL1743593-conf_3,1,4,5,1.0,4.0,2.0,1.0,4.0,3.0,1.0,5.0,2.0,1.0,5.0,3.0,1.0,2.0,3.0,-0.53633,-0.32714,-0.431735,0.20919,0.44552,122.962,47.8869,0.4817,1531.412,379.65981466162447,585.2410969402902,0.8912086030493491,-85.6958,234.3009,231.106,2.11242,2.11501,91.062,77.54713326446281,97.49160640495867,97.91451446280992,75.52578460737075,84.27041281416851,84.67085558015367,73.09948599523241,71.5947184147795,71.60403009535162,69.0592387253075,61.46163343272456,61.20597279165114,61.5072776363975,51.635140587176465,51.173887406120045,5.380826194752065,2.072303767344833,5.055666321639642,5.376468665046716,2.062942555697992,5.067590271132854,5.380826194752065,2.072303767344833,5.055666321639642,5.376468665046716,2.062942555697992,5.067590271132854,2.0468168876934483,5.033140172894056,4.950000000000001,2.05,5.049999999999998,4.950000000000001,1.9621727164726226,5.033140172894056,1.9621727164726226,5.033140172894056,2.05,5.049999999999998,2.043326406405991,4.957065664281643,0.218296,0.564835,0.5653553362505743,-0.058198,-0.576984,0.5833222933284824,-0.057924,-0.577056,0.5834799061235957,-578.432397
CHEMBL1743593-conf_4,1,3,5,1.0,3.0,2.0,1.0,3.0,4.0,1.0,5.0,2.0,1.0,5.0,4.0,1.0,2.0,4.0,-0.5362,-0.327,-0.4316,0.2092,0.44522,123.323,52.5817,0.2125,1154.623,379.9998135354358,585.6023574027795,0.8907775953395165,-85.7936,233.6565,234.3267,2.10848,2.11281,88.631,77.54390495867769,97.54648760330579,97.51743285123968,75.57624690714937,84.1662325823675,84.29320223987499,73.17118593563767,71.28557061978546,71.65617550655541,69.11048732761834,61.137253074916146,61.479686917629515,61.55538141642356,51.559493513748365,51.663847681708155,5.374395007956102,2.7761799233079794,5.060252299065254,5.377082926996508,2.7611492328955967,5.057077718095788,5.374395007956102,2.7761799233079794,5.060252299065254,5.377082926996508,2.7611492328955967,5.057077718095788,2.7266400069000465,5.042072986381694,4.950000000000001,2.725767386578182,5.042072986381692,4.949999999999998,2.4470277826735334,5.042072986381694,2.4448949886337075,5.042072986381694,2.482362119040432,5.042072986381692,1.9257550978358369,5.042072986381692,0.218109,0.564598,0.5646258270297243,-0.056793,-0.576483,0.5827876122731162,-0.058365,-0.577076,0.5834099335955808,-578.432478
CHEMBL1743593-conf_5,1,2,4,1.0,2.0,3.0,1.0,2.0,5.0,1.0,4.0,3.0,1.0,4.0,5.0,1.0,3.0,5.0,-0.5353,-0.32692,-0.43111,0.20838,0.44595,123.916,54.3186,0.0,1953.636,380.30977043136915,585.4353315888234,0.8898823525110935,-89.1891,232.0424,232.0397,2.11124,2.11121,88.522,77.51162190082644,97.50451962809917,97.47223657024794,75.22301080869906,84.29971350436254,84.32250293006902,72.67207985697259,71.38799910607867,71.4345575089392,68.59974841595229,61.21529071934402,61.23101472232575,61.098395506175905,51.51488113711129,51.50945006517287,5.379863596841135,2.78086356378312,5.059408555420752,5.379848483709605,2.7804293320856845,5.059416739281373,5.379863596841135,2.78086356378312,5.059408555420752,5.379848483709605,2.7804293320856845,5.059416739281373,2.75,5.042072986381693,4.950000000000001,2.75,5.042072986381693,4.950000000000001,2.5223240332248853,5.042072986381693,2.3870581651795657,5.042072986381692,2.5223240332248844,5.042072986381693,2.3870581651795666,5.042072986381692,0.218271,0.563726,0.5637260000124173,-0.057516,-0.576813,0.5831249664034288,-0.057517,-0.576815,0.5831262196231618,-578.437397
CHEMBL1743593-conf_6,1,5,2,1.0,5.0,4.0,1.0,5.0,3.0,1.0,2.0,4.0,1.0,2.0,3.0,1.0,4.0,3.0,-0.53536,-0.32763,-0.43149499999999996,0.20772999999999997,0.44815,123.112,52.3695,0.2182,1817.713,379.9597789872373,585.272295773613,0.890536674399416,-92.6291,234.8496,236.5748,2.10934,2.11464,178.675,77.37926136363636,97.5497159090909,97.61428202479338,75.45741633025133,84.2362286756088,84.62039328037505,73.18887812872468,71.44759386174016,71.9252830750894,69.02895546030562,61.203643309727916,61.78717853149459,61.26559493513748,51.39035441623735,52.160790764074235,5.372946888320451,2.4568881185961526,5.058653337180431,5.305582146888774,2.466744626522017,5.058181222697275,5.372946888320451,2.4568881185961526,5.058653337180431,5.305582146888774,2.466744626522017,5.058181222697275,2.4,5.024937810560445,4.95,2.4458833454341398,5.015974481593781,4.85,2.396763580998185,5.024937810560445,1.954629917984804,5.024937810560445,2.4164672809023195,5.015974481593781,2.3999999999999995,4.962358310319801,0.219329,0.564605,0.5647852324680596,-0.057093,-0.576511,0.5827900677379463,-0.056736,-0.575784,0.5823833261735778,-578.431808
CHEMBL1743593-conf_7,1,3,4,1.0,3.0,2.0,1.0,3.0,5.0,1.0,4.0,2.0,1.0,4.0,5.0,1.0,2.0,5.0,-0.53726,-0.32751,-0.432385,0.20974999999999994,0.44567,122.383,45.9327,0.4802,1285.359,378.99985251922345,585.2253727498143,0.8927444962682856,-82.687,232.5829,232.5831,2.11303,2.11303,179.433,77.50193698347107,97.90805785123968,97.90805785123968,75.9262273733559,84.56341971610887,84.56179189998699,73.64328814064362,71.5090509535161,71.5090509535161,69.53969437197168,61.143659150204996,61.14307677972419,61.924306374526715,51.24099993793061,51.24099993793061,5.370551289011949,2.057756949603975,4.969727806505993,5.370550279757215,2.057828116195824,4.969732957393036,5.370551289011949,2.057756949603975,4.969727806505993,5.370550279757215,2.057828116195824,4.969732957393036,2.045944267371584,4.957065664281643,4.950000000000001,2.0459442673715835,4.957065664281644,4.950000000000001,2.0459442673715835,4.942165517260627,1.9630453367944867,4.9497474683058345,2.045944267371583,4.942165517260627,1.9630453367944876,4.949747468305833,0.218107,0.565006,0.5653773051732799,-0.057319,-0.576693,0.5831081278090712,-0.057320,-0.576693,0.5831082414878047,-578.427386
CHEMBL1743593-conf_8,1,4,5,1.0,4.0,2.0,1.0,4.0,3.0,1.0,5.0,2.0,1.0,5.0,3.0,1.0,2.0,3.0,-0.53736,-0.32758,-0.43246999999999997,0.20977999999999997,0.44578,122.48,46.3892,0.6067,1521.277,378.7698440202766,584.6583504370468,0.892709522346587,-82.7092,232.0129,232.0131,2.11784,2.11784,90.961,77.63429752066115,97.65302169421489,97.65625,75.8562312801146,84.28831879150931,84.28669097538743,73.50826877234803,71.5854067342074,71.58447556615018,69.42613212821469,61.253144800596345,61.25139768915393,61.85486624045683,51.18940475451554,51.18979268822543,5.375874545496908,2.051238526313364,4.9868285873944185,5.375873657891293,2.0506320306750156,4.986841133814312,5.375874545496908,2.051238526313364,4.9868285873944185,5.375873657891293,2.0506320306750156,4.986841133814312,2.0,4.957065664281642,4.949999999999998,2.0,4.957065664281643,4.949999999999998,1.9968245029356284,4.949747468305833,1.9968245029356284,4.949747468305834,1.996824502935628,4.949747468305834,1.996824502935628,4.949747468305832,0.218316,0.565152,0.5655366386654361,-0.058445,-0.576800,0.5832538345823368,-0.058445,-0.576800,0.5832538217637326,-578.427107
CHEMBL1743593-conf_9,1,3,5,1.0,3.0,2.0,1.0,3.0,4.0,1.0,5.0,2.0,1.0,5.0,4.0,1.0,2.0,4.0,-0.53719,-0.32746,-0.43232499999999996,0.20972999999999997,0.44558,122.839,50.9817,0.3606,1313.258,379.55985149233913,585.3539140076488,0.891557875931512,-82.8065,232.213,236.5067,2.11776,2.10346,88.104,77.69240702479338,97.74664256198346,97.57231404958677,75.97994530537831,84.3420367235317,84.80596431827061,73.6079037544696,71.63568980929678,71.93831942789033,69.48961051062244,61.32885296310101,61.71263510995154,61.903357954192785,51.225870523244986,52.17592017875985,5.373446275739649,2.7591381755580393,4.988465428855433,5.333513204344719,2.7890357482540193,4.970687851703278,5.373446275739649,2.7591381755580393,4.988465428855433,5.333513204344719,2.7890357482540193,4.970687851703278,2.719912070736694,4.973178058344582,4.949999999999998,2.7693577642705387,4.960090724976712,4.899999999999999,2.459864032116042,4.947726750741192,1.9357130717622404,4.952019789944302,2.471656425299666,4.935838327984417,2.3860190224380236,4.960090724976712,0.218420,0.565287,0.5653322670226776,-0.058627,-0.576942,0.5833979806727136,-0.056284,-0.577484,0.5837202913133995,-578.427364
CHEMBL1743593,1,5,2,1.0,5.0,3.0,1.0,5.0,4.0,1.0,2.0,3.0,1.0,2.0,4.0,1.0,3.0,4.0,-0.53536,-0.32763,-0.43149499999999996,0.20772999999999997,0.44815,123.112,52.3686,0.2183,1105.139,379.7097738162418,584.931034673576,0.8907765821798626,-92.6386,234.1595,237.0874,2.10915,2.11501,178.444,77.43737086776859,97.47869318181817,97.70144628099173,75.47206667534834,84.18739419195208,84.7538742023701,73.16094308700835,71.4075536352801,71.99046483909416,68.98818952664926,61.155888930301906,61.7994083115915,61.27800881385389,51.370569797033085,52.11229905033827,5.376377839289647,2.5541628374307495,5.056205711401315,5.305923625383181,2.521854263455355,5.048662433585853,5.376377839289647,2.5541628374307495,5.056205711401315,5.305923625383181,2.521854263455355,5.048662433585853,2.5478118800310225,5.020209158989295,4.95,2.4837021661326304,5.024937810560445,4.8500000000000005,2.025786861763476,5.020209158989295,2.016246411994649,5.020209158989295,2.016020393570124,5.024937810560445,2.4565976715047375,4.958074222921639,0.219326,0.564592,0.5647729824805716,-0.056880,-0.576429,0.5827326950987047,-0.056983,-0.575933,0.5825180573089559,-578.431807
CHEMBL1743594-conf_10,1,2,4,1.0,2.0,3.0,1.0,2.0,5.0,1.0,4.0,3.0,1.0,4.0,5.0,1.0,3.0,5.0,-0.4869,-0.32849,-0.40769500000000003,0.15841,0.52464,271.729,65.6584,2.115,2704.366,599.3369652048312,1074.190470467785,0.8463186737956142,-208.4856,222.3779,211.2084,2.1247,2.09831,88.646,99.22843491735537,97.36893078512396,98.73127582644628,98.98587055606198,86.6974866519078,93.47571298346139,97.58175655542313,77.32326430274135,88.80549761620978,95.09935240402535,69.59036060380171,84.10012113306001,89.04707963503196,61.83818509093166,78.03402954503134,5.406134013887867,4.184531358303837,7.036738397437773,5.89299295884471,4.171803761852852,7.1424888318490805,5.406134013887867,4.184531358303837,6.785238043534953,5.89299295884471,4.171803761852852,6.794690634192467,4.181931634378147,7.012310603502956,4.950000000000001,4.1750978644789605,7.119691004531026,5.45,4.181931634378147,6.823672031978091,3.642210506462308,6.444571358903554,4.1750978644789605,7.07990112925315,4.1750978644789605,7.119691004531026,0.539448,1.024916,1.024919045715319,-0.051799,-0.573380,0.5793627454807566,-0.054001,-0.585130,0.5896824109552531,-1569.758125
CHEMBL1743594-conf_1,1,5,4,1.0,5.0,2.0,1.0,5.0,3.0,1.0,4.0,2.0,1.0,4.0,3.0,1.0,2.0,3.0,-0.49395,-0.32951,-0.41173000000000004,0.16443999999999998,0.51545,273.476,98.6023,0.0009,3357.104,594.376828395915,1070.0852188554547,0.8512056500737297,-208.3971,218.1893,223.2021,2.11537,2.10836,91.945,99.244576446281,98.30836776859503,97.682076446281,99.05912228154708,91.08282328428182,89.23199635369188,97.61062276519667,84.64224523241954,82.07222139451729,94.91241147968692,78.40803205367126,75.91723350726798,88.82479361926634,71.33131090559245,69.26595183415058,5.960737701068837,4.122719436212725,7.08749245851665,5.388816048188007,4.453613330468979,7.1230109266948105,5.960737701068837,4.122719436212725,6.609200269050024,5.388816048188007,4.453613330468979,6.778915513707809,4.100134266116002,7.070537461890717,5.549999999999999,4.456010039081843,7.1022883636191505,4.95,4.100134266116002,6.972266489456638,3.6499999999999995,7.070537461890716,4.456010039081843,7.069123000768906,4.067160229762826,7.1022883636191505,0.537928,1.021607,1.021607000016151,-0.065196,-0.589283,0.594659839113085,-0.052624,-0.577244,0.5824653296351637,-1569.760201
CHEMBL1743594-conf_2,1,4,5,1.0,4.0,2.0,1.0,4.0,3.0,1.0,5.0,2.0,1.0,5.0,3.0,1.0,2.0,3.0,-0.48917,-0.32819,-0.40868,0.16098,0.51876,273.41,93.8536,0.6162,3611.069,599.3067466333566,1073.0139959742596,0.8457432667706224,-207.893,216.5335,222.7903,2.11172,2.10904,91.769,99.27363119834712,98.29222623966942,97.72727272727273,99.13400182315407,91.00631592655294,89.38175543690585,97.74657330154946,84.26046632896305,82.0573227056019,95.06441017517704,77.90020499440924,75.69243850167723,88.90082862640432,70.8176866737012,68.9602600707591,5.96350374897526,4.040270598128216,7.062869165736348,5.376485201866318,4.442329960656057,7.130288179033601,5.96350374897526,4.040270598128216,6.581811039768866,5.376485201866318,4.442329960656057,6.778599141814148,4.017661128779855,7.045920805686082,5.550000000000002,4.437326758777481,7.116881339463234,4.95,4.017661128779855,6.9406411807555655,3.75,6.9406411807555655,4.437326758777481,7.08801805866774,4.091144974436673,6.670832032063166,0.539740,1.025084,1.02508947533569,-0.063814,-0.587853,0.5932357475557251,-0.049988,-0.576427,0.5815324870538189,-1569.760623
CHEMBL1743594-conf_3,1,4,5,1.0,4.0,2.0,1.0,4.0,3.0,1.0,5.0,2.0,1.0,5.0,3.0,1.0,2.0,3.0,-0.48336,-0.32536,-0.40436,0.15800000000000003,0.51743,272.752,93.1383,1.3849,3364.649,599.5366778089851,1074.9018544816051,0.8464102399866822,-201.2234,216.2114,215.0125,2.10523,2.10083,93.877,99.30268595041323,98.29222623966942,97.7240444214876,99.15027998437297,91.1023570777445,89.63081130355515,97.81454856972587,84.89459177592373,82.86743891537544,95.10401136787179,78.71727077897876,77.28172754379426,88.74914654583824,71.68549438271988,71.35613866302526,5.908859315048925,4.180363019815136,7.079734784441946,5.356740720227727,4.472112767124315,7.1957452300550155,5.908859315048925,4.180363019815136,6.729466760085353,5.356740720227727,4.472112767124315,6.844689695178134,4.171399262468467,7.061515418095468,5.450000000000001,4.472978698966108,7.184010022264723,4.900000000000001,4.171399262468467,6.9139352036304205,3.9464258169609776,7.061515418095468,4.472978698966108,7.170251041630271,4.2093054713115,7.184010022264723,0.540628,1.030051,1.0301538560190902,-0.062365,-0.588271,0.5936485281132262,-0.045490,-0.572815,0.5778519220302031,-1569.756713
CHEMBL1743594-conf_4,1,3,2,1.0,3.0,4.0,1.0,3.0,5.0,1.0,2.0,4.0,1.0,2.0,5.0,1.0,4.0,5.0,-0.49086,-0.32676,-0.40881,0.16410000000000002,0.50922,273.801,98.8392,1.4438,3439.629,600.2170716032598,1072.7711426929382,0.8443331405361942,-203.7639,215.7925,216.5105,2.10429,2.10605,93.786,99.25748966942149,97.68530475206612,98.28254132231406,99.0721448105222,89.59174371662976,91.07793983591613,97.70373957091776,82.52570023837902,84.78843861740167,94.83728568766307,76.47223257547522,78.59322586656728,88.27160014896654,70.40802867605983,71.3580783315747,5.3597561177690825,4.427321126211206,7.3301817991167795,5.91012372633455,4.19561532076235,7.087394122926986,5.3597561177690825,4.427321126211206,7.018881878302402,5.91012372633455,4.19561532076235,6.604513175230608,4.414554306103196,7.316419889536139,4.900000000000001,4.191492092532266,7.071067811865476,5.449999999999999,4.414554306103196,7.316419889536139,3.9944199548682615,7.316419889536139,3.9668673790315276,6.930007215003459,3.5910930660752394,7.071067811865476,0.539145,1.027201,1.0273167108652521,-0.046636,-0.573099,0.5780772507217353,-0.062846,-0.588606,0.5940354360330703,-1569.756472
CHEMBL1743594-conf_5,1,2,4,1.0,2.0,3.0,1.0,2.0,5.0,1.0,4.0,3.0,1.0,4.0,5.0,1.0,3.0,5.0,-0.4899,-0.32873,-0.409315,0.16116999999999998,0.51976,272.533,70.5625,2.4705,3293.237,598.6170840817376,1074.0910104244601,0.84728412986599,-208.6062,212.1483,222.6634,2.09843,2.12732,88.338,99.25103305785123,98.78292871900827,97.3850723140496,98.99238182054955,93.78174241437686,86.68934757129834,97.59386174016686,89.00476758045292,77.32140196662694,95.07896943719717,84.16534662691018,69.55891259783824,89.04513996648252,77.9851498975855,61.82383154366582,5.895883143080942,4.265577698021961,7.177633571462419,5.407474284862152,4.211218465914908,7.262982402045239,5.895883143080942,4.265577698021961,6.816019355420984,5.407474284862152,4.211218465914908,6.887861432451078,4.258175916790567,7.154893430373369,5.449999999999999,4.211587016103513,7.249999999999999,4.95,4.258175916790567,7.143178564196754,4.258175916790567,7.154893430373369,4.211587016103513,7.249999999999999,3.6489092362730853,7.00357051795725,0.538028,1.022791,1.0227937158972968,-0.053713,-0.585458,0.589968174467064,-0.051985,-0.573021,0.5790239337661268,-1569.756976
CHEMBL1743594-conf_6,1,2,3,1.0,2.0,4.0,1.0,2.0,5.0,1.0,3.0,4.0,1.0,3.0,5.0,1.0,4.0,5.0,-0.48478,-0.32537,-0.40507499999999996,0.15941,0.51467,275.659,107.193,1.6935,3264.206,605.5767759289596,1082.419871820599,0.8418707439480508,-204.5582,216.9792,215.0043,2.10769,2.10111,91.47,99.25748966942149,98.30836776859503,97.57231404958677,99.05912228154708,91.14630811303556,88.82667013934106,97.66835518474373,84.7735399284863,81.51724523241954,94.646268169959,78.55770126723817,75.2865262765561,87.74672583948855,71.35031965737694,69.05801936565081,5.957442009779575,4.196442686679543,7.152457527886963,5.387117493497458,4.426271044717936,7.852035158572598,5.957442009779575,4.196442686679543,6.739561985993963,5.387117493497458,4.426271044717936,7.431167709558659,4.186653483721135,7.114246270688133,5.5,4.415305226488813,7.807848615335725,4.95,3.984715695878073,6.98713102782537,3.6508940108697057,7.078311945654841,4.415305226488813,7.807848615335725,4.108722923540572,7.807848615335725,0.537307,1.024574,1.0246660239346284,-0.062574,-0.588567,0.5939204961482639,-0.050581,-0.575598,0.5807265927284543,-1569.756616
CHEMBL1743594-conf_7,1,4,5,1.0,4.0,2.0,1.0,4.0,3.0,1.0,5.0,2.0,1.0,5.0,3.0,1.0,2.0,3.0,-0.4798,-0.32242,-0.40110999999999997,0.15738000000000002,0.51115,272.697,100.67,0.0004,3810.134,605.2864242505858,1080.452085923154,0.8412534648504161,-196.5017,213.1198,215.1697,2.11103,2.10497,95.714,99.30914256198346,98.35033574380165,97.90805785123968,99.23492642271128,90.66284672483397,88.97154577418934,98.0035756853397,83.42893325387367,81.16805721096544,95.1162411479687,76.96608274319792,74.89983227730153,88.39341133387126,69.8528955372106,68.2565483210229,6.2163602777384055,4.657764145468212,6.913753756785244,5.391559788929845,4.629127736418543,7.082278178314908,5.354314833314383,4.581410656543176,6.68880416670799,5.391559788929845,4.543320303531733,6.790883549740016,4.641272971143513,6.9025357659341395,5.799999999999999,4.621072284047475,7.051418297052019,4.95,4.417608134989009,6.89655711206686,3.7443014332561626,6.896557112066859,4.562111445675014,6.9521579383670495,3.8139210158729933,7.051418297052019,0.541601,1.035149,1.0351490000028982,-0.053215,-0.579008,0.5846428678458329,-0.043512,-0.568919,0.5745663844865969,-1569.754657
CHEMBL1743594-conf_8,1,3,2,1.0,3.0,4.0,1.0,3.0,5.0,1.0,2.0,4.0,1.0,2.0,5.0,1.0,4.0,5.0,-0.48075,-0.32287,-0.40181,0.15788000000000002,0.51131,273.472,101.577,0.5362,2985.28,606.3468320562589,1079.0040325136777,0.8390317398196675,-198.6498,212.3704,214.8887,2.11062,2.10479,96.483,99.28977272727273,98.27285640495867,97.91774276859503,99.1453965360073,91.14630811303556,89.00898554499284,97.87321215733016,84.76795292014303,81.25372467222884,94.84602124487515,78.63340942974283,75.03960119269475,87.91664080441934,71.38717335981627,68.36090248898267,5.885025088095292,4.6688232347939405,6.900829205631991,5.396868888276613,4.457652894518888,7.303706468792473,5.5732233839485605,4.378482720436124,6.6542547127645495,5.396868888276613,4.457652894518888,7.025657363589322,4.649319428159511,6.876227163205125,5.45,4.440777703908071,7.291261893527073,4.950000000000001,3.978249213149539,6.876227163205125,3.7213931343360986,6.792827099227537,4.440777703908071,7.283543093852058,4.1406417316803825,7.057619995437555,0.540304,1.032504,1.0325046809007696,-0.056381,-0.579987,0.5856627573766322,-0.043642,-0.569111,0.574748780813844,-1569.753987
CHEMBL1743594-conf_9,1,3,2,1.0,3.0,4.0,1.0,3.0,5.0,1.0,2.0,4.0,1.0,2.0,5.0,1.0,4.0,5.0,-0.49572,-0.33121,-0.41346499999999997,0.16451,0.51958,272.022,98.3452,0.8403,3361.031,590.0368266449149,1064.4609763744295,0.8544595385886186,-208.8483,216.8652,225.5416,2.11454,2.11679,93.718,99.23489152892562,98.31159607438018,97.73050103305785,98.82146112775101,91.89022008073968,89.25478577939836,97.24932955899881,86.1144219308701,82.10294994040524,94.69926388371226,79.92044819232203,76.00517144986955,88.9861740425796,72.61226801564149,69.43974613618025,5.6732722573072065,3.9723532467294302,7.011599487357911,5.412372526034048,4.396026635264219,7.165242627298431,5.3859321627297305,3.9723532467294302,6.523157774294175,5.412372526034048,4.396026635264219,6.847902454038996,3.969786181219981,6.991602105383286,5.249999999999999,4.390565873340133,7.150174823037546,5.0,3.969786181219981,6.668208155119334,3.549582410752915,6.491918052471088,4.390565873340133,7.136000280269053,4.121200962794288,7.036511919978534,0.538306,1.022645,1.0226558705586157,-0.060824,-0.587593,0.5930714313217254,-0.053814,-0.577487,0.582573054475574,-1569.757678
CHEMBL1743594,1,5,4,1.0,5.0,2.0,1.0,5.0,3.0,1.0,4.0,2.0,1.0,4.0,3.0,1.0,2.0,3.0,-0.42418,-0.35386,-0.38902000000000003,0.07032,1.07606,284.969,149.877,1.7719,3264.974,673.1934636217292,1162.6157759530267,0.7942703946639516,-200.8869,213.2002,215.7573,2.0986,2.11677,87.947,99.28008780991735,98.18569214876032,98.31482438016529,99.49212136997005,89.08386508659983,88.75504622997786,98.54551549463648,80.62984207389749,79.70053635280095,94.54085911293329,73.22144055162131,72.31468971300782,85.71434113338712,65.57902985537831,64.9637669914965,6.047459317805025,4.353656175156242,9.793478225553276,5.309095433067713,4.219173382911727,9.441897191948712,5.405335289844745,4.3120965278743455,6.629831590834322,5.309095433067713,4.219173382911727,6.436104703367045,4.345431781392296,9.756280028781463,5.6000000000000005,4.20258360256471,9.426690829766297,4.850000000000001,4.317685574734318,9.304837451562493,4.1491561161354955,8.031967380411851,4.001981859289707,7.866701977321879,3.8120893683179844,8.862420662550385,0.533804,1.020496,1.0205523368455927,-0.047098,-0.573095,0.5790533355572698,-0.044733,-0.569136,0.5756011910628747,-1569.689441
CHEMBL175535,1,2,3,,,,,,,,,,,,,,,,-0.2144,-0.03389,-0.124145,0.18051,0.04269,162.447,69.24,14.5953,2026.085,429.4271910822615,691.5335170191264,0.8806501370875074,-142.0913,208.978,130.6975,2.12906,2.90771,29.808,80.76898243801654,99.99031508264463,97.85963326446281,80.51341320484438,99.33747883839041,87.73603333767419,79.53199493444578,93.4864794398093,76.57274284862932,76.61025437942601,80.0450754752143,67.58875326127469,71.05781764012166,63.10983179194339,58.17065979765378,5.271984713680123,3.129510936772702,5.480588286042739,5.372177598226723,2.9575946534725075,4.933568255010767,5.271984713680123,3.129510936772702,5.480588286042739,5.372177598226723,2.9575946534725075,4.933568255010767,3.090656147318915,5.472887720390395,4.850000000000001,2.9413371812413542,4.906373406091306,4.95,2.5537231098210746,5.472887720390395,2.9549306856800555,5.062114182829147,2.600212934984812,4.902295380737477,2.9413371812413542,4.906373406091306,0.193244,0.525314,0.5266076793078506,0.002232,-0.333567,0.3425947273426723,0.000220,-0.054258,0.06283185339459596,-883.501022
CHEMBL177920,1,2,3,,,,,,,,,,,,,,,,-0.21492,-0.05052,-0.13272,0.1644,0.05357,148.374,77.4804,15.6999,1947.667,411.33628236929707,641.2552979156632,0.8742609556905978,-136.4794,232.4823,232.8288,2.11223,2.11116,83.176,79.45183367768594,97.07192665289256,97.08806818181817,76.76292486000781,81.84171116030733,81.9182185180362,72.47187872467224,67.6540151966627,67.65587753277713,66.17301062243757,56.810240402534475,56.49867219530377,57.74160511451804,46.97566879771585,46.64864068028055,5.129427173546691,2.229237254506696,5.982867197691631,5.129513529253288,2.129642775331317,5.8568059417968605,5.129427173546691,2.229237254506696,5.982867197691631,5.129513529253288,2.129642775331317,5.430428090018486,2.2271134949404026,5.9625917183721375,4.699999999999999,2.136408260209449,5.8405907235484325,4.699999999999999,1.7974458669326343,5.51837838499681,2.0647886958779873,4.886972477925367,1.9376086128509054,5.413409276971398,2.0132679743110304,4.828301978956991,0.169295,0.495793,0.4959965401482151,-0.068455,-0.589029,0.59502076665861,-0.068003,-0.588790,0.5947446236822995,-843.01107
CHEMBL177971,1,3,2,,,,,,,,,,,,,,,,-0.21455,-0.05142,-0.132985,0.16313,0.05421,143.932,46.1497,11.7902,1741.643,371.8106170574589,593.3091422697208,0.9183672005697825,-114.6813,130.3808,204.3018,2.92627,2.15142,29.544,80.41064049586777,98.00490702479338,99.99677169421489,80.36365412163042,88.02904023961453,99.44328688631332,78.82896305125149,76.93310488676997,93.90178039332538,75.03785408125233,67.94691110696981,80.8720415579575,68.41521320836695,58.49303271057041,64.17277015703556,5.393404509971753,2.9544075068059343,4.9241312248708144,5.331459134007524,3.090577426847469,5.1237101936706395,5.393404509971753,2.9544075068059343,4.9241312248708144,5.331459134007524,3.090577426847469,5.1237101936706395,2.9344631288281016,4.904079934095691,4.950000000000001,3.0750953204117817,5.110039138793361,4.8999999999999995,2.546934340838862,4.857211133973897,2.9344631288281016,4.904079934095691,2.396543620562671,5.110039138793361,2.9648678099509747,5.0921508225896055,0.120246,0.377113,0.40202799420687113,-0.001008,-0.055167,0.06327995046616267,0.003416,-0.329482,0.3384969047893939,-1387.560647
CHEMBL2068442-conf_1,1,2,3,,,,,,,,,,,,,,,,-0.21666,-0.04201,-0.129335,0.17465,0.04789,159.883,81.4623,15.0087,1718.48,429.3864859645579,678.4035032101134,0.8695498288557235,-126.3772,230.5377,230.6674,2.09822,2.0969,94.946,79.5680526859504,97.44641012396694,97.50129132231406,77.1763901549681,83.65509832009376,83.65509832009376,73.777376340882,70.20914034564957,70.17654946364719,68.29633339545285,59.74655236675363,59.45711423779352,60.13011296629632,50.18000124138787,49.88749922413258,5.341264710960614,2.6662020084978098,6.073506596547107,5.341730543818942,2.6905856703828674,5.9826777912640186,5.341264710960614,2.6662020084978098,6.073506596547107,5.341730543818942,2.6905856703828674,5.599493863121653,2.643009295037766,6.051859218455102,4.9,2.6885432628920554,5.970971445250765,4.9,2.420267639331397,5.833095233235953,2.509251902301385,5.3312756447214396,2.4441737170240656,5.5154328932550705,2.5200512648338362,5.285120623032174,0.171419,0.501100,0.5025336303701474,-0.069612,-0.594312,0.6001163157288759,-0.069316,-0.594184,0.5999648169167923,-882.314474
CHEMBL2068442-conf_2,1,2,3,,,,,,,,,,,,,,,,-0.2165,-0.04214,-0.12932,0.17436000000000001,0.04796,159.248,75.0972,15.1562,1608.524,428.1264778039419,678.4437825548342,0.8721434987657873,-126.1283,230.6037,230.7937,2.09815,2.09712,94.672,79.73592458677686,97.52388946280992,97.51097623966942,77.39614533142336,83.68765464253158,83.68765464253158,74.02786054827175,70.30877532777116,70.19144815256257,68.47861535594484,59.94048173686172,59.6161013790533,60.25696728942959,50.44573583266091,50.17844950654832,5.346166441976713,2.0436912248522225,6.11040547732471,5.3450573942596264,2.048153624642059,6.099006261610947,5.346166441976713,2.0436912248522225,6.11040547732471,5.3450573942596264,2.048153624642059,5.641455295518485,2.0293227153699194,6.0911821512740865,4.9,2.036081599206991,6.082968025561206,4.9,1.769101323878378,5.996040360104325,1.9209472963430148,5.335260068637704,1.8175637440531989,5.517698795693726,1.931990010610763,5.287958017987661,0.173557,0.503398,0.5054317009349532,-0.069368,-0.594214,0.5999294207096365,-0.069032,-0.594026,0.5997115701143343,-882.314172
CHEMBL2068442-conf_3,1,2,3,,,,,,,,,,,,,,,,-0.21573,-0.0479,-0.13181500000000002,0.16783,0.05176,159.345,79.6359,15.3334,1779.036,429.84643925140387,679.2878135548232,0.8693740509947061,-135.2775,235.9402,235.6469,2.10444,2.10584,92.078,79.72301136363636,97.56908574380165,97.51097623966942,77.83565568433389,83.87485349654902,83.8243911967704,74.59028605482717,70.61419845053635,70.64120232419548,68.7831951174059,60.087239098024604,60.3632827059262,60.31476941220284,50.68897026876047,50.93685990937868,5.279040960655133,2.3281870660688,6.00511265561904,5.270937537877246,2.4646226498254284,6.060272940520324,5.279040960655133,2.3281870660688,5.565647594118802,5.270937537877246,2.4646226498254284,6.060272940520324,2.3263264648170567,5.990826320300064,4.849999999999999,2.4553420268128745,6.045246066125018,4.85,2.320232997646799,5.503180898353242,2.1998842650321313,5.217758139277826,1.8328496880566836,5.8354519962038935,2.3328092710905373,5.240467536394058,0.174162,0.501871,0.5021015768507404,-0.068206,-0.592081,0.5977747848780508,-0.068970,-0.592379,0.5981662495753166,-882.306381
CHEMBL2068442,1,2,3,,,,,,,,,,,,,,,,-0.21667,-0.042,-0.129335,0.17467,0.04788,159.884,81.4632,15.0073,2370.226,429.3064835920142,678.1757829260426,0.8695172362048329,-126.3811,230.5407,230.6711,2.09824,2.09693,94.952,79.48411673553719,97.50129132231406,97.51097623966942,77.11127751009246,83.6127751009246,83.68765464253158,73.76433998808105,70.1597884386174,70.19982866507746,68.26546775997018,59.73082836377189,59.446049198658216,60.12080255725901,50.16681149525169,49.88206815219415,5.341353181479191,2.666742554873458,6.073122081196452,5.3418044603926,2.6900937391429567,5.982432442174188,5.341353181479191,2.666742554873458,6.073122081196452,5.3418044603926,2.6900937391429567,5.599707502940026,2.643009295037766,6.051859218455102,4.9,2.6885432628920554,5.970343373709756,4.9,2.4133089842833937,5.833095233235953,2.509251902301385,5.3312756447214396,2.4441737170240656,5.5154328932550705,2.5200512648338362,5.285120623032174,0.171405,0.501080,0.5025141724459122,-0.069617,-0.594312,0.6001169706823828,-0.069321,-0.594186,0.599967746747273,-882.314472
CHEMBL308885-conf_1,1,3,2,,,,,,,,,,,,,,,,-0.22759,-0.0905,-0.159045,0.13709,0.09226,296.957,172.357,0.3516,3137.113,542.2091254034325,1004.8612538959599,0.8947905094820288,-126.5142,1035.7627,1035.776,2.36524,2.36524,175.69,82.99328512396694,37.43543388429752,37.425748966942145,82.15262403958849,39.83754395103529,39.83917176715718,79.62883641239571,40.649210369487484,40.658522050059595,74.93360976518822,39.966338986209465,39.96750372717108,67.00817764260442,38.27509155235553,38.27897088945441,4.5152399746543725,1.9233590404022578,9.066836393044904,4.515238208010663,1.9233497754709903,9.067008892245115,4.5152399746543725,1.9233590404022578,6.665639510537824,4.515238208010663,1.9233497754709903,6.665706671476859,1.9,9.052071586106686,4.100000000000001,1.9,9.052071586106686,4.100000000000001,1.3960432655199293,8.962700485902674,1.6873284577902474,9.052071586106688,1.3960432655199293,8.962700485902674,1.6873284577902474,9.052071586106688,0.128687,0.396244,0.43071519335286973,-0.330908,-0.368945,0.3826507929104551,-0.330913,-0.368950,0.3826516958253289,-2223.212133
CHEMBL308885-conf_2,1,3,2,,,,,,,,,,,,,,,,-0.23496,-0.09329,-0.164125,0.14167000000000002,0.09507,305.6,207.0,8.4453,3460.466,558.5087678268774,1009.9320149552501,0.8715966564088006,-125.2146,1062.6886,1074.7973,2.33831,2.33418,95.386,78.99987086776859,37.58393595041322,36.7994576446281,78.05052741242349,36.99374918609194,34.89061075660893,75.02048569725865,35.815516984505365,32.970798569725865,69.48203969437196,33.83805441669773,31.048499813641445,60.64761653528645,31.26629321581528,28.876621562907328,4.488313478964052,2.055249471467602,9.787695716906095,4.484176548313837,1.9017579337051467,8.690422956494363,4.488313478964052,2.055249471467602,7.229629611304309,4.484176548313837,1.9017579337051467,6.854119299857098,2.015254326381661,9.774456506629921,4.050000000000001,1.908550573509541,8.683461291443638,4.049999999999999,1.799251215257063,9.774456506629921,1.7819495240486627,9.58018788959799,1.9085505735095405,7.712976079309467,1.8947724629307152,5.246903848937963,0.109698,0.353963,0.38279513107535734,-0.297916,-0.339661,0.34320918480571,-0.309037,-0.350338,0.3517430118893622,-2223.205419
CHEMBL308885-conf_3,1,3,2,,,,,,,,,,,,,,,,-0.22598,-0.09074,-0.15836,0.13523999999999997,0.09272,312.727,198.427,9.1439,3684.801,607.4888445135033,1071.0014032809338,0.8333085614156956,-116.0757,1049.7811,1035.5964,2.36379,2.35938,178.525,82.49289772727273,36.10537190082644,36.357179752066116,82.14285714285714,37.670920692798546,37.69208230238312,79.62045589988081,38.5866731227652,38.45537842669845,74.21263510995153,38.62397502795378,38.082952851285874,65.36954565203898,37.6571131525045,36.8339178201229,5.687812033931136,1.808356326706738,9.240097175999264,6.622647387465914,1.8083428669769233,9.270591478159325,4.513787563190754,1.808356326706738,6.717577322521347,4.509377507853303,1.8083428669769233,6.74324501506812,1.7970692638379018,9.225237124323689,5.250000000000001,1.7970692638379027,9.25216190952147,6.199999999999998,1.6225250247336924,9.187083323884682,1.6908310546454377,8.903510543600204,1.635252104534223,9.25216190952147,1.7036634163030597,9.25216190952147,0.123934,0.389005,0.4196814848382044,-0.344979,-0.382425,0.39216274354915465,-0.333680,-0.371695,0.3792747309457881,-2223.205826
CHEMBL308885-conf_4,1,2,3,,,,,,,,,,,,,,,,-0.23445,-0.09676,-0.165605,0.13768999999999998,0.09959,320.682,187.046,8.3963,3317.187,609.4787471007228,1062.7921198128392,0.8263380966134442,-126.6725,1069.3449,1093.6057,2.33845,2.33419,95.051,78.53822314049587,38.40715392561984,35.80513946280991,76.79222555020185,38.180427138950385,34.51784086469593,73.7261620977354,37.025104290822405,32.967073897497016,68.48676854267612,34.9259224748416,30.722954714871413,60.206535907144186,32.05457451430699,27.815234932654707,4.488452023132782,2.4971504887122142,9.673174670198556,4.484187472488697,2.5667359040719835,8.435852967390986,4.488452023132782,2.459395344908873,7.097573022817593,4.484187472488697,2.337685908375012,6.431536621582756,2.513106784652758,9.66048653019091,4.049999999999998,2.57970341372293,8.412639300481151,4.05,1.7625575505194226,9.66048653019091,1.708300899355729,9.648056799169458,2.2598553677309856,5.871328640095017,1.8841928862384805,5.119814449762805,0.105033,0.348012,0.36817747187192207,-0.294828,-0.336458,0.3411636454518564,-0.319070,-0.359404,0.36109129050421584,-2223.199382
CHEMBL308885-conf_5,1,3,2,,,,,,,,,,,,,,,,-0.23585,-0.09444,-0.165145,0.14141,0.09643,311.221,215.521,6.6603,3421.295,581.2882348154641,1036.3371923763011,0.8519746010736334,-128.4711,1067.9252,1079.5469,2.34032,2.33332,95.229,78.95467458677686,38.15534607438016,36.80591425619835,77.6745018882667,37.8027737986717,34.88572730824326,74.77651966626937,36.63308253873659,33.00432061978546,69.51639955273947,34.563105665300036,31.094507081625046,60.8532214015269,31.778753646576874,28.92976848116194,4.490322383852101,2.102169340052358,9.757522960142927,4.483324974423586,1.927530171898929,8.752560685201788,4.490322383852101,2.102169340052358,7.20907519246472,4.483324974423586,1.927530171898929,6.681833899203159,2.0797835265977307,9.737171047075224,4.050000000000001,1.907127641097162,8.724247818580121,4.049999999999998,1.7704444353504691,9.737171047075224,1.7222819271037413,9.737171047075224,1.907127641097162,6.444571358903555,1.8997243398636612,5.558102194094672,0.109094,0.353924,0.3796879563654871,-0.297960,-0.339589,0.34428080409892153,-0.310352,-0.351633,0.3529786716262046,-2223.19873
CHEMBL308885-conf_6,1,3,2,,,,,,,,,,,,,,,,-0.23584,-0.09444,-0.16514,0.1414,0.09643,311.223,215.53,6.6585,3056.612,581.7182386803804,1036.9705881877094,0.8516916766834725,-128.4792,1067.9556,1079.5607,2.34028,2.33329,95.223,78.880423553719,38.15211776859504,36.75748966942149,77.62892303685376,37.81905195989061,34.858054434171116,74.77000148986889,36.6247020262217,32.994077771156135,69.50242266120014,34.56135855385762,31.093924711144243,60.833436782322636,31.76711563528024,28.932096083421264,4.490282705367835,2.102127920967175,9.75756320785871,4.483291207853444,1.927119239136981,8.752956820038905,4.490282705367835,2.102127920967175,7.2090640389998075,4.483291207853444,1.927119239136981,6.682115409787312,2.0797835265977307,9.737171047075224,4.050000000000001,1.907127641097162,8.724247818580121,4.049999999999998,1.7704444353504691,9.737171047075224,1.7222819271037413,9.737171047075224,1.907127641097162,6.453293732660866,1.8997243398636612,5.6002232098372655,0.109085,0.353901,0.379666713036579,-0.297958,-0.339590,0.3442784248351906,-0.310332,-0.351617,0.35296224417209277,-2223.198729
CHEMBL308885-conf_7,1,2,3,,,,,,,,,,,,,,,,-0.22811,-0.08784,-0.157975,0.14027,0.08896,316.442,103.566,8.9939,3549.546,673.3383050961033,1120.0442893574943,0.7745942469755066,-111.3478,1046.5821,1049.9049,2.35632,2.36697,177.344,80.40741219008265,35.960098140495866,36.954416322314046,78.90187524417242,38.3920432347962,39.4273342883188,76.25707687723481,39.537395709177595,40.22180423122765,71.34620760342901,38.95534383153187,39.25526462914648,63.15328036745081,36.956892806157285,36.87309912482155,5.543911097904923,1.8590671757216586,9.656769742581316,4.51697435655529,1.8587248604229105,9.688896410687624,4.5063156180214055,1.8590671757216586,7.07620422239497,4.51697435655529,1.8587248604229105,7.073752360331146,1.8499999999999996,9.63807553404724,5.1000000000000005,1.85,9.667600529604025,4.099999999999999,1.550000000000001,9.63807553404724,1.6999999999999993,9.474439297393804,1.6000000000000003,9.667600529604025,1.7000000000000002,9.667600529604025,0.115000,0.378936,0.3896163266163265,-0.327172,-0.365470,0.3723796384457668,-0.336504,-0.374546,0.3846413764482443,-2223.206108
CHEMBL308885,1,3,2,,,,,,,,,,,,,,,,-0.23496,-0.09328,-0.16412,0.14168,0.09506,305.6,206.999,8.4443,3598.778,558.9387758148158,1010.5697086887187,0.871292687833931,-125.1654,1062.6792,1074.7497,2.33826,2.33415,95.388,78.96758780991735,37.57747933884297,36.7994576446281,78.02122672222946,36.957937231410334,34.87270477926813,75.03165971394517,35.80713647199046,32.97731674612634,69.484951546776,33.833395452851285,31.03627003354454,60.64761653528645,31.267457016944945,28.87468189435789,4.4882645832459716,2.055957081398623,9.786521388752261,4.484146289006323,1.9023472579318916,8.69194085057668,4.4882645832459716,2.055957081398623,7.22878217618102,4.484146289006323,1.9023472579318916,6.8547033119680005,2.015254326381661,9.774456506629921,4.050000000000001,1.908550573509541,8.683461291443638,4.049999999999999,1.799251215257063,9.774456506629921,1.7819495240486627,9.568307060290238,1.9085505735095405,7.724797731979785,1.8947724629307152,5.246903848937963,0.109700,0.353995,0.382814017013484,-0.297927,-0.339676,0.34322185618343126,-0.309007,-0.350314,0.35172147976204127,-2223.205424
CHEMBL308922-conf_1,1,2,3,,,,,,,,,,,,,,,,-0.234,-0.0855,-0.15975,0.14850000000000002,0.08593,313.988,208.401,8.0033,2731.702,561.9293287970645,1022.1243390234506,0.8732492968219854,-124.3066,1066.2794,1059.8457,2.33675,2.33871,95.454,79.3646694214876,37.048037190082646,37.6614152892562,78.55515041020966,35.05502018491991,37.03444458913921,75.3910905840286,33.321848927294404,35.88721692491061,69.68703410361535,31.419469809914276,33.8811498322773,60.78067779777791,29.260675935696106,31.395475141207868,4.486750188788779,1.8840885383163788,9.290707018267927,4.488709843539205,2.006790878037715,9.744477591267094,4.486750188788779,1.8840885383163788,6.986547259151056,4.488709843539205,2.006790878037715,7.173602975941957,1.8849314385859532,9.27200086281273,4.05,1.9931276345416675,9.732420048477152,4.049999999999998,1.8849314385859532,8.554677083326993,1.8646817117731134,6.453293732660867,1.7873298558978468,9.73242004847715,1.760272201224599,9.412358896684719,0.109933,0.354677,0.3844449664100182,-0.308034,-0.349466,0.35098597462291853,-0.300735,-0.342355,0.3457725303288276,-2183.474936
CHEMBL308922-conf_2,1,2,3,,,,,,,,,,,,,,,,-0.23413,-0.08723,-0.16068,0.1469,0.08788,321.531,224.369,4.8549,3438.815,586.5088123815904,1048.1202163322912,0.8507794302577099,-127.495,1067.937,1082.9674,2.33916,2.33475,95.278,78.85459710743802,37.919679752066116,36.62190082644628,77.5475322307592,37.51465034509702,34.74085167339497,74.660123659118,36.36304380214541,32.82739868891538,69.39643123369362,34.32782799105479,30.9052366753634,60.71434113338713,31.59720067034945,28.714465272174287,4.489161271035517,2.1172327751497177,9.757323235523168,4.484747035450661,1.930206751379222,8.574087918137208,4.489161271035517,2.1172327751497177,7.232399573946752,4.484747035450661,1.930206751379222,6.627596861190651,2.093491322141931,9.739738189499757,4.049999999999998,1.9205765528371561,8.561833915698202,4.050000000000001,1.7748711305964262,9.72946555572299,1.7248711305964264,9.705797236703436,1.9205765528371561,6.296824596572467,1.913161329846763,5.202163011671204,0.107479,0.352307,0.3792578900524022,-0.298127,-0.339800,0.3444539742810351,-0.313856,-0.354883,0.3564128032506689,-2183.469021
CHEMBL308922-conf_3,1,2,3,,,,,,,,,,,,,,,,-0.23413,-0.08723,-0.16068,0.1469,0.08788,321.532,224.343,4.8525,3172.785,586.4387978397257,1047.6801108868085,0.8506427977516756,-127.5079,1067.9068,1082.9695,2.33909,2.33471,95.275,78.84814049586777,37.92936466942149,36.58638946280991,77.53613751790598,37.53906758692538,34.745735121760646,74.660123659118,36.38446066746127,32.85440256257449,69.38653093551994,34.353452292210214,30.92154304882594,60.72520327726399,31.614657687294397,28.723775681211595,4.489088924803898,2.117620672120352,9.75665418817106,4.484708114204986,1.929989722209918,8.576014622715244,4.489088924803898,2.117620672120352,7.231930981741387,4.484708114204986,1.929989722209918,6.628410191793941,2.0934913221419302,9.739738189499759,4.049999999999998,1.9205765528371561,8.564607404896035,4.050000000000001,1.7748711305964275,9.729465555722987,1.7248711305964268,9.705797236703434,1.9205765528371574,6.305751343020117,1.9131613298467638,5.203844732503076,0.107469,0.352284,0.37921064699451673,-0.298072,-0.339753,0.3444121977369559,-0.313824,-0.354856,0.3563867452571714,-2183.46902
CHEMBL308922-conf_4,1,3,2,,,,,,,,,,,,,,,,-0.23414,-0.08723,-0.160685,0.14690999999999999,0.08788,321.529,224.351,4.8534,3494.28,586.6188096083125,1048.0362714845255,0.8505744815978327,-127.4678,1067.9755,1082.8015,2.33912,2.33493,95.285,78.78034607438018,37.84542871900827,36.59930268595041,77.52637062117464,37.482094022659204,34.72782914441985,74.67781585220501,36.36118146603099,32.84974672228844,69.39118989936638,34.330739843458815,30.899995341036153,60.72753087952331,31.591769598411023,28.71136180249519,4.489118500646691,2.1173634621644575,9.75748408358189,4.484930162360396,1.9300754135565346,8.573761937876446,4.489118500646691,2.1173634621644575,7.232496171184253,4.484930162360396,1.9300754135565346,6.627740522978005,2.093491322141931,9.739738189499757,4.049999999999998,1.918093857408377,8.561833915698202,4.050000000000001,1.7748711305964262,9.72946555572299,1.7248711305964264,9.705797236703436,1.9180938574083766,6.296824596572467,1.9180938574083766,5.202163011671204,0.107500,0.352370,0.3793267650258811,-0.298128,-0.339802,0.344464458599142,-0.313897,-0.354910,0.3564390163997202,-2183.469024
CHEMBL308922-conf_5,1,3,2,,,,,,,,,,,,,,,,-0.23432,-0.08708,-0.1607,0.14723999999999998,0.0877,313.334,189.151,13.5653,3304.797,574.2388058424954,1037.2139437399837,0.8629198997309511,-124.7787,1065.6184,1071.4547,2.33824,2.33708,95.514,79.47443181818183,37.20299586776859,36.92536157024794,78.71630420627686,36.48749837218388,34.99641880453184,75.56428784266984,35.33130959475566,33.253873659118,69.7831252329482,33.39487048080507,31.38569232202758,60.74188442678915,31.00366209422134,29.288607162808017,4.488239006298052,1.9822908771252448,9.736548216948533,4.487082908271869,1.8706036604022658,9.069019398188061,4.488239006298052,1.9822908771252448,7.190226043078001,4.487082908271869,1.8706036604022658,6.978962579904573,1.9662841077184667,9.716480844420989,4.049999999999999,1.8647400050189806,9.047098982546837,4.05,1.7950193824158733,9.53795051360616,1.7766917069053738,9.142483251283538,1.8647400050189806,8.775676612090946,1.8554880380584193,6.50173053886425,0.108635,0.353766,0.3843049247420595,-0.303465,-0.345057,0.3478891477094392,-0.310137,-0.351488,0.3530292469371341,-2183.468163
CHEMBL308922-conf_6,1,2,3,,,,,,,,,,,,,,,,-0.23321,-0.09451,-0.16386,0.1387,0.09679,323.919,206.204,12.9322,3147.026,605.5791069196725,1068.2748967274806,0.8345171317510475,-122.8627,1102.313,1077.5111,2.3347,2.33589,95.418,78.7868026859504,35.701833677685954,37.36118285123967,77.44497981508009,34.306224768850115,36.86515171246256,74.66291716328963,32.766872765196666,35.846245530393325,69.32945862840104,30.57445024226612,33.95802273574357,60.57623673266712,27.95566693563404,31.368319781515737,4.4847042553963306,2.2974414952115794,8.64885936612798,4.485894869423876,2.490073631833521,10.041037933578915,4.4847042553963306,2.2974414952115794,6.400497996689933,4.485894869423876,2.490073631833521,7.295530258451016,2.29923291492274,8.644217720534346,4.05,2.494884451712817,10.02845950283492,4.049999999999998,2.2915063509461113,5.650884886458049,1.8579212264193417,4.498055135277913,1.773965691664485,9.979103166116683,1.747644887964047,9.610020811631992,0.103663,0.348258,0.37219259769372093,-0.324918,-0.365116,0.3669378771590635,-0.299652,-0.341352,0.34503203649226544,-2183.468789
CHEMBL308922-conf_7,1,2,3,,,,,,,,,,,,,,,,-0.23352,-0.09357,-0.163545,0.13995000000000002,0.09556,330.416,203.779,6.1693,3609.116,611.6192640115863,1071.8981227958936,0.8281429497157493,-126.1128,1066.9021,1096.2434,2.33714,2.33644,95.187,78.55759297520662,37.96164772727273,35.779313016528924,76.83780440161479,37.61394712853236,34.50156270347702,73.79227502979738,36.42915673420739,32.98942193087008,68.56655329854641,34.381988445769665,30.734602124487516,60.141363043883054,31.625907764881138,27.817562534914035,4.487142301836995,2.540366702091487,9.648051148704347,4.4864424913349925,2.53665930724139,8.587338302162651,4.487142301836995,2.458577788062162,7.098656735410059,4.4864424913349925,2.3230171054754276,6.571851129053142,2.5351934090901023,9.621980045707849,4.049999999999998,2.5387795023443145,8.570880934886448,4.05,1.7699515513887634,9.621980045707849,1.7545007016700165,9.431065687397156,2.2790322475833165,6.013318551349163,1.8744653972879144,5.203844732503076,0.103106,0.346576,0.36870220684178173,-0.295522,-0.337204,0.34150514131122534,-0.321768,-0.361918,0.36377380234013557,-2183.468098
CHEMBL308922,1,2,3,,,,,,,,,,,,,,,,-0.234,-0.0855,-0.15975,0.14850000000000002,0.08593,313.997,208.43,8.001,3330.781,562.4993385814612,1023.3376293675353,0.8730545988455025,-124.3233,1066.4591,1059.7933,2.33654,2.33876,95.45,79.34852789256198,37.04480888429752,37.616219008264466,78.4965490298216,35.05502018491991,37.04909493423622,75.31752830750894,33.27342818831943,35.8434520262217,69.65383898620946,31.40141632500932,33.846207603428994,60.73722922227049,29.24593445472038,31.37918192539259,4.486539186335974,1.8836058537958384,9.28937567626739,4.488760954219327,2.0075740535400706,9.744767294262667,4.486539186335974,1.8836058537958384,6.98585211177858,4.488760954219327,2.0075740535400706,7.1738665630519405,1.8849314385859532,9.27200086281273,4.05,1.9931276345416675,9.732420048477152,4.049999999999998,1.8849314385859532,8.554677083326993,1.8646817117731134,6.4445713589035565,1.7873298558978468,9.73242004847715,1.760272201224599,9.404918925753693,0.109899,0.354606,0.38433992641800824,-0.307994,-0.349442,0.35096076457917624,-0.300716,-0.342336,0.34575331846997504,-2183.474939
CHEMBL611190-conf_10,1,3,2,1.0,3.0,8.0,1.0,2.0,8.0,,,,,,,,,,-0.36289,-0.18074,-0.27181500000000003,0.18214999999999998,0.20281,141.86,44.1708,7.4034,1719.374,387.59985323532936,612.4185975697445,0.8997726078805129,-82.0904,1053.3654,236.2805,2.32608,2.10471,86.75,80.12332128099173,36.437887396694215,98.30191115702479,79.34626904544862,35.22431306159656,86.16844641229326,77.22642282479141,33.62075387365912,74.01203069129917,72.73283171822587,31.551667909057024,64.1766446142378,64.71975668797715,29.14080441934082,54.54891068214264,4.476081808568697,2.903784452080683,5.208557445381002,5.395162520392162,2.6875053685123516,5.113184232541732,4.476081808568697,2.903784452080683,5.208557445381002,5.395162520392162,2.6875053685123516,5.113184232541732,2.8698892250101533,5.184833652104953,4.049999999999997,2.681878230552356,5.088467352749745,4.95,2.6902769230252157,5.055937104039169,1.908250061376447,4.5853026072441505,2.6184038948152457,5.088467352749745,1.9021067000985137,5.088467352749745,0.160981,0.469413,0.4782478409580121,-0.281848,-0.322784,0.32293528456487997,-0.061351,-0.587517,0.59394536291228,-1021.77085
CHEMBL611190-conf_1,1,8,2,1.0,8.0,3.0,1.0,2.0,3.0,,,,,,,,,,-0.36317,-0.17918,-0.271175,0.18399,0.19984,141.98,46.0142,7.4397,1989.445,385.27988586674235,610.7203505859825,0.903516419128927,-82.1915,233.3354,230.0792,2.08744,2.09806,175.83,80.30410640495867,97.61751033057851,97.8305785123967,79.35929157442375,84.53737465815861,85.53197030863394,77.27298122765197,72.00722586412395,73.36580005959476,72.95646198285502,62.233856690272084,63.35608460678345,65.12631121593942,53.07592638569921,53.70631866426665,5.365601514172823,2.5825006663896923,5.220689945956815,5.392480920943772,2.6242199564641693,5.280474736272463,5.365601514172823,2.5825006663896923,5.220689945956815,5.392480920943772,2.6242199564641693,5.280474736272463,2.5702200096679717,5.197114584074513,4.95,2.6183152581235967,5.263078946776306,4.95,2.3144789552983625,5.128840024800929,2.474860310081315,5.05099000196991,2.3146264784358257,5.249999999999999,2.0758259563140298,5.263078946776306,0.160842,0.472411,0.4833450403241974,-0.059164,-0.586386,0.5924656581684713,-0.063449,-0.588947,0.5947965920169684,-1021.775745
CHEMBL611190-conf_2,1,8,2,1.0,8.0,3.0,1.0,2.0,3.0,,,,,,,,,,-0.36323,-0.18102,-0.272125,0.18221,0.20321,142.119,45.5635,7.268,1978.902,386.2698322285826,610.9202440398137,0.9013974903267868,-83.3826,233.3074,236.9681,2.08693,2.10769,173.707,80.10072314049587,97.73050103305785,98.21797520661157,78.94582627946347,84.66434431566611,85.88357859096236,76.60160905840286,71.86661948748511,73.69450238379022,71.96817927692881,61.84017424524786,63.82605758479314,64.04630376761219,52.566181490906835,54.0694246167215,5.397060413399856,2.477257503237391,5.084320644956648,5.4431463383337535,2.490350699858294,5.118809146642832,5.397060413399856,2.477257503237391,5.084320644956648,5.4431463383337535,2.490350699858294,5.118809146642832,2.46708062208627,5.056678751908215,4.95,2.4902131769772913,5.098284025042151,5.000000000000001,2.259423299910258,5.056678751908213,2.3185518028036305,5.056678751908213,2.2328268407453207,5.076662289339325,1.8248559285193473,5.098284025042151,0.159259,0.465744,0.4762853346188606,-0.058434,-0.586044,0.5921517175167189,-0.061474,-0.586763,0.5930885747373659,-1021.774292
CHEMBL611190-conf_3,1,3,8,1.0,3.0,2.0,1.0,8.0,2.0,,,,,,,,,,-0.36408,-0.1822,-0.27314,0.18188000000000001,0.2051,142.255,49.3961,7.3654,1503.806,386.9398130156539,611.6695812694975,0.900572392310888,-87.9566,1049.8243,232.8013,2.32556,2.09104,87.658,79.69072830578511,37.606534090909086,97.47546487603306,78.75374397708035,36.07891652558927,84.40877718452924,76.5792610250298,34.16734952324195,71.74091179976162,72.31294260156541,32.08046030562803,61.48085165859113,64.51066041834771,29.777015703556575,51.848892061324555,4.475562993526379,2.7698028409455855,5.104008734400603,5.345554721043628,2.7002284025350383,5.049480658732685,4.475562993526379,2.7698028409455855,5.104008734400603,5.345554721043628,2.7002284025350383,5.049480658732685,2.739729311728009,5.091659847240386,4.049999999999997,2.688543262892056,5.034381789256752,4.900000000000001,2.46823535017299,5.091659847240386,2.3673486433084294,4.942924235713107,2.4125251231559535,5.034381789256751,1.8846778412937057,5.034381789256751,0.161363,0.467288,0.47540628919167655,-0.269380,-0.310983,0.31126395462211814,-0.060513,-0.587073,0.5931964822872772,-1021.775237
CHEMBL611190-conf_4,1,8,2,1.0,8.0,3.0,1.0,2.0,3.0,,,,,,,,,,-0.36335,-0.18139,-0.27237,0.18196,0.20385,141.48,45.5457,7.4313,1616.622,382.33979998632844,607.2378296358431,0.906999739032124,-87.7809,233.245,227.7486,2.0922,2.09691,175.143,80.078125,97.58522727272727,97.84349173553719,78.97838260190129,84.47551764552676,86.13914572209923,76.56994934445768,71.7995753873659,74.38542908224076,72.13473723443906,61.54374767051808,64.55169120387626,64.26509837998883,51.91173732232636,54.89960275588107,5.357919266278674,2.029228192962342,5.076979192886027,5.322114994331923,2.0418749790165465,5.181013874623,5.357919266278674,2.029228192962342,5.076979192886027,5.322114994331923,2.0418749790165465,5.181013874623,2.0156710783568226,5.060138338029899,4.9,2.020139054293978,5.166236541235796,4.900000000000001,1.879729855163214,5.042072986381693,1.9341010824842912,5.042072986381693,1.902094260345458,5.081830378908764,1.8204807671854735,5.166236541235795,0.159678,0.466546,0.47940839845688976,-0.060615,-0.586900,0.5930659736336253,-0.061621,-0.589540,0.5953481347791391,-1021.774768
CHEMBL611190-conf_5,1,8,2,1.0,8.0,3.0,1.0,2.0,3.0,,,,,,,,,,-0.36382,-0.18075,-0.272285,0.18306999999999998,0.20249,141.837,46.7415,7.221,1678.125,386.76985432479836,612.5057886347059,0.9017890811659883,-86.4152,232.7405,229.1914,2.09412,2.09587,173.178,79.2290805785124,97.75632747933885,97.98876549586777,78.2442375309285,84.91665581455918,85.35128271910405,76.18817044100119,72.57430721096544,72.87879916567343,71.80278606038017,62.5337774878867,62.58677320163996,63.974536031282966,53.011529389857856,52.89204580721246,5.405791072381098,2.5267769749839144,5.385529366021803,5.43486288963686,2.5363880395371705,5.4800754525348125,5.405791072381098,2.5267769749839144,5.385529366021803,5.43486288963686,2.5363880395371705,5.4800754525348125,2.512735233444448,5.367727638395972,4.949999999999999,2.5321377717105804,5.453668490108287,4.999999999999999,2.278227749459976,5.105389309347525,2.397113174000401,5.042320894191483,2.2667687200237694,5.358404613315422,1.9343580467390495,5.453668490108287,0.155921,0.464034,0.4725100170917015,-0.059994,-0.586417,0.592540938534208,-0.063239,-0.589790,0.5960873056600015,-1021.773604
CHEMBL611190-conf_6,1,8,2,1.0,8.0,3.0,1.0,2.0,3.0,,,,,,,,,,-0.36569,-0.18354,-0.274615,0.18215,0.20701,142.049,50.0099,7.1582,1685.674,385.25980956741296,610.4712845694312,0.9033178227714552,-90.8054,233.8495,232.3058,2.0936,2.10338,171.952,78.43168904958677,97.71113119834712,97.87577479338843,77.19266831618701,84.71155098320094,86.57702825888788,75.08752979737783,71.98487783075089,75.10429082240762,70.95718412225122,61.56238352590384,65.22141725680208,63.36858357643845,51.716218732542984,55.3604680032276,5.39711672993102,2.0551085317878286,5.063293114021414,5.314701857855275,2.123457954768023,5.245166148742809,5.39711672993102,2.0551085317878286,5.063293114021414,5.314701857855275,2.123457954768023,5.245166148742809,2.043942195866005,5.0477717856495845,4.95,2.1146703653729295,5.2117655357853545,4.8999999999999995,1.9032962747235376,5.047771785649584,1.9662020322561018,5.047771785649584,1.92524039596324,5.079862202855506,1.8436021156964884,5.2117655357853545,0.156260,0.459932,0.4668200414303139,-0.060126,-0.586720,0.5928887808923357,-0.064176,-0.589622,0.5956651211964655,-1021.773952
CHEMBL611190-conf_7,1,2,3,1.0,2.0,8.0,1.0,3.0,8.0,,,,,,,,,,-0.36498,-0.18195,-0.273465,0.18303000000000003,0.20429,142.617,52.1125,7.2911,2227.857,388.5898419817112,614.3419674959214,0.8993584173226006,-89.2951,230.6959,1030.3432,2.0978,2.33139,85.879,78.77711776859503,97.8854597107438,38.00361570247934,77.51660372444329,86.47284802708685,36.45331423362417,75.52238528009535,74.91060786650775,34.43087008343266,71.43181606410735,65.09853708535222,32.235953224002984,63.76660356278319,55.509046614114574,29.758782819191858,5.319141642304362,2.882003594992054,5.274397512735108,4.48138867945751,2.7142601114490565,5.44705988847131,5.319141642304362,2.882003594992054,5.274397512735108,4.48138867945751,2.7142601114490565,5.44705988847131,2.8752169383319384,5.255949010407159,4.899999999999999,2.685373825360868,5.433691194758863,4.050000000000001,2.4222983123723,5.1088159097779196,2.308978449008931,5.255949010407159,2.5328453479019277,5.070009861923349,2.4830356129973405,5.070009861923348,0.157050,0.464213,0.4697775706714828,-0.063997,-0.589832,0.5958693871260715,-0.268377,-0.309844,0.3101254987726743,-1021.775029
CHEMBL611190-conf_8,1,2,3,1.0,2.0,8.0,1.0,3.0,8.0,,,,,,,,,,-0.36628,-0.18646,-0.27637,0.17982,0.21238,142.809,51.0661,6.9958,1660.865,388.2498291449631,613.825531524752,0.8996415053285316,-98.0882,234.6774,1027.218,2.10976,2.33356,84.098,78.00232438016529,98.33419421487604,37.68724173553719,76.91431175934366,86.61121239744757,36.51191561401224,74.93016239570917,74.45526668653159,34.578925804529206,70.64328643309727,64.48821282146851,32.13170890793887,62.89569238408541,54.886025076035004,29.176494320650487,5.439831309542884,2.3380394431493707,5.207603844681714,4.483561761070777,2.5311718355963584,5.228006497185376,5.439831309542884,2.3380394431493707,5.207603844681714,4.483561761070777,2.5311718355963584,5.228006497185376,2.3316871585487253,5.192301994298868,4.999999999999999,2.5223171783940423,5.2117655357853545,4.05,2.3205330468714305,5.192301994298868,2.1433088801655176,5.192301994298868,2.1928742941084707,5.144171459039833,2.0106527478358,5.079616127228514,0.156428,0.454430,0.46040732300974535,-0.063540,-0.588393,0.5948834868955434,-0.266294,-0.307179,0.30739464123012944,-1021.772153
CHEMBL611190-conf_9,1,8,2,1.0,8.0,3.0,1.0,2.0,3.0,,,,,,,,,,-0.36336,-0.17967,-0.271515,0.18369000000000002,0.20067,141.585,46.6574,7.4134,1582.788,384.14988995861745,610.486118037123,0.905942442975903,-81.0228,232.1849,232.4829,2.09182,2.08945,174.848,80.4558367768595,97.78215392561982,97.81443698347107,79.61323088943873,84.67899466076312,86.1440291704649,77.65103545887962,72.01001936829559,74.32676549463648,73.37809821095789,62.09234066343645,64.45851192694745,65.5794177890882,52.928511575941904,54.71261870771522,5.401176460221288,2.4550045707350305,5.145887986140989,5.289595244756017,2.429310465110209,5.210865594789295,5.401176460221288,2.4550045707350305,5.145887986140989,5.289595244756017,2.429310465110209,5.210865594789295,2.438872389004307,5.1198144497628055,4.95,2.4145825622994246,5.174214916294066,4.850000000000001,2.253833614704404,5.079862202855506,2.30083302491977,5.05099000196991,2.2287055797215647,5.102205405508484,1.8031222920256966,5.174214916294066,0.161263,0.473061,0.48535259404581327,-0.060571,-0.587309,0.593558577384743,-0.061432,-0.589565,0.595246855375146,-1021.773874
CHEMBL611190,1,3,8,1.0,3.0,2.0,1.0,8.0,2.0,,,,,,,,,,-0.36499,-0.18197,-0.27348,0.18302,0.20433,142.621,52.1147,7.2906,1691.101,388.36983706402424,613.9538696870397,0.8994888667512517,-89.3572,1030.4085,233.6116,2.3314,2.09268,87.491,78.61570247933885,38.035898760330575,97.54325929752066,77.42544602161739,36.46308113035551,84.57481442896211,75.48886323003575,34.43645709177592,72.01653754469606,71.37823797987328,32.260412784196795,61.67769288110324,63.73324126373285,29.780507106945564,51.775960523865685,4.481397620860023,2.7129976428781983,5.447038665112446,5.32743113971887,2.760356233083024,5.025710980600974,4.481397620860023,2.7129976428781983,5.447038665112446,5.32743113971887,2.760356233083024,5.025710980600974,2.685373825360868,5.433691194758865,4.050000000000001,2.753002469185756,5.008492787256463,4.899999999999999,2.5328453479019286,5.0700098619233485,2.4830356129973414,5.0700098619233485,2.382058726063077,5.008492787256462,1.8845597179109357,5.008492787256462,0.157049,0.464153,0.4697204505607564,-0.268368,-0.309837,0.3101176151704382,-0.060340,-0.586582,0.5926693128085847,-1021.775032
